,index,Object Number,Object ID,Object Name,Title,Century,Medium,Dimensions,Link Resource,Country
0,118047,1982.60.123,207026,Statuette group,Owl on a Frog,XVII,"Bronze, with brown lacquer patina",Height: 6 3/4 in. (17.1 cm),http://www.metmuseum.org/art/collection/search/207026,Austria
1,114567,63.229.1,202997,Period room,"Boiserie from the Palais Paar, 30 Wollzeile, Vienna, Austria",XVIII,"Carved, painted, and gilded pine; plaster; gilt bronze; mirror glass; oak flooring",H. 192 x W. 486 x D. 294-1/2 in.  (487.7 x 1234.4 x 748.0 cm),http://www.metmuseum.org/art/collection/search/202997,Austria
2,139649,"2010.218.6, .7",236583,Spitoons,Pair of spitoons,XIX,Elm veneered on coniferous wood; poplar; ebonized wood base; 1 base with 2 pieces of oak with ebonized surface,"Overall (.6, confirmed): 18 1/4 × 8 3/4 × 8 5/8 in. (46.4 × 22.2 × 21.9 cm); Overall (.7, confirmed): 18 × 8 3/4 × 8 3/4 in. (45.7 × 22.2 × 22.2 cm); Diameter (each, confirmed): 9 7/16 in. (24 cm)",http://www.metmuseum.org/art/collection/search/236583,Austria
3,104366,12.145,191979,Panel,Intarsia panel,XVI,Various intarsia woods partly stained red and green,24 3/4 × 17 3/4 in. (62.9 × 45.1 cm),http://www.metmuseum.org/art/collection/search/191979,Germany
4,107733,27.36.2,195728,Inkstand,Inkstand,XVI,Bronze,"Overall (with base): 4 3/8 × 2 3/4 in. (11.1 × 7 cm);
Height (without base): 3 in. (7.6 cm)",http://www.metmuseum.org/art/collection/search/195728,Germany
5,108853,31.93.1,196882,Relief,St. Willibald,XVI,Stone,25 1/2 x 21 1/2 in.  (64.8 x 54.6 cm),http://www.metmuseum.org/art/collection/search/196882,Germany
6,108854,31.93.3,196883,Relief,Mourning Madonna,XVI,Stone,31 1/2 x 15 1/4 in.  (80.0 x 38.7 cm),http://www.metmuseum.org/art/collection/search/196883,Germany
7,108855,31.93.4,196884,Relief,St. John,XVI,Stone,31 1/2 x 15 1/4 in.  (80.0 x 38.7 cm),http://www.metmuseum.org/art/collection/search/196884,Germany
8,110819,41.190.534,199016,Statuette,Apollo,XVI,Bronze,Overall (confirmed): 18 3/4 × 10 5/8 × 7 1/2 in. (47.6 × 27 × 19.1 cm),http://www.metmuseum.org/art/collection/search/199016,Germany
9,115404,64.101.1546,203968,Statuette,Seated Hercules,XVI,Bronze,Height: 9 in. (22.9 cm),http://www.metmuseum.org/art/collection/search/203968,Germany
10,115406,64.101.1548,203970,Statuette,Cleopatra,XVI,Bronze,Height: 9 1/2 in. (24.1 cm),http://www.metmuseum.org/art/collection/search/203970,Germany
11,116059,67.55.99,204723,Statuette,Cupid Blindfolded,XVI,Bronze,H. w/out base 8-3/4 in. (22.2 cm.); H. w. base 12-3/4 in. (32.4 cm.),http://www.metmuseum.org/art/collection/search/204723,Germany
12,118043,"1982.60.118, .119",207022,Statuette,Two Landsknechts,XVI,"Bronze, with natural brown patina, and remains of black lacquer",Height (.118): 8 3/8 in. (21.3 cm); Height (.119): 9 3/8 in. (23.8 cm),http://www.metmuseum.org/art/collection/search/207022,Germany
13,381135,2013.966,627606,Group,Pietà,XVI,Bronze,Overall (confirmed): 11 5/8 × 6 1/2 × 7 1/2 in. (29.5 × 16.5 × 19.1 cm),http://www.metmuseum.org/art/collection/search/627606,Germany
14,107014,22.60.31,194909,Statuette,Neptune,XVII,Bronze,Height: 16 in. (40.6 cm),http://www.metmuseum.org/art/collection/search/194909,Germany
15,109009,32.100.162,197040,Statuette,Nude Boy on Horseback,XVII,Bronze with dark brown lacquer patina,Height: 7 5/16 in. (18.6 cm),http://www.metmuseum.org/art/collection/search/197040,Germany
16,109039,32.100.192,197070,Bust,Portrait of a Man,XVII,Bronze,Height: 5 1/16 in. (12.9 cm),http://www.metmuseum.org/art/collection/search/197070,Germany
17,112456,50.201,200723,Statuette group,Tarquin and Lucretia,XVII,Bronze,Overall (confirmed): H. 19 13/16 x W. 15 x D. 15 3/8 in. (50.3 x 38.1 x 39.1 cm),http://www.metmuseum.org/art/collection/search/200723,Germany
18,115414,64.101.1558,203978,Door knocker ,Door knocker (one of a pair),XVII,Bronze,Height: 12 7/8 in. (32.7 cm),http://www.metmuseum.org/art/collection/search/203978,Germany
19,115415,64.101.1559,203979,Door knocker ,Door knocker (one of a pair),XVII,Bronze,Height: 12 7/8 in. (32.7 cm),http://www.metmuseum.org/art/collection/search/203979,Germany
20,115416,64.101.1560,203980,Bracket,Bracket,XVII,Bronze,Height: 6 in. (15.2 cm),http://www.metmuseum.org/art/collection/search/203980,Germany
21,115417,64.101.1561,203981,Bracket,Bracket,XVII,Bronze,Height: 6 in. (15.2 cm),http://www.metmuseum.org/art/collection/search/203981,Germany
22,118045,1982.60.121,207024,Statuette group,Nude Women Wrestling,XVII,"Bronze, with medium brown natural patina and traces of dark lacquer",Height: 8 1/4 in. (21 cm),http://www.metmuseum.org/art/collection/search/207024,Germany
23,453231,2017.11,738905,Mortar,Mortar with Animal Frieze,XVII,Bronze,Overall (confirmed): 7 1/4 × 7 7/8 × 6 3/4 in. (18.4 × 20 × 17.1 cm),http://www.metmuseum.org/art/collection/search/738905,Germany
24,98519,72.4,185835,Statue,Dancing Girl,XIX,Bronze,Overall: 87 × 35 × 26 in. (221 × 88.9 × 66 cm),http://www.metmuseum.org/art/collection/search/185835,Germany
25,98912,82.2,186233,Portrait medallion,Michelangelo,XIX,Bronze,5 1/4 × 27 1/2 in. (13.3 × 69.9 cm),http://www.metmuseum.org/art/collection/search/186233,Germany
26,110645,"41.153.8a, b",198829,Statuette,Modesty,XIX,Bronze,Height (without base): 21 3/4 in. (55.2 cm),http://www.metmuseum.org/art/collection/search/198829,Germany
27,112308,49.7.74a,200568,Statuette,Peter Vischer the Elder,XIX,"Bronze, wood base",Height: 15 in. (38.1 cm),http://www.metmuseum.org/art/collection/search/200568,Germany
28,121761,2002.576.1,211493,Bust,Empress Alexandra Feodorowna,XIX,Bronze and gilt bronze,Height (including base): 16 in. (40.6 cm),http://www.metmuseum.org/art/collection/search/211493,Germany
29,101779,07.203,189286,Relief,Portrait of a girl,XV,Marble,18 x 13 1/2 in.  (45.7 x 34.3 cm),http://www.metmuseum.org/art/collection/search/189286,Italy
30,104340,12.132,191947,Frieze,Frieze,XV,Marble,Overall: 16 1/4 × 95 1/2 in. (41.3 × 242.6 cm),http://www.metmuseum.org/art/collection/search/191947,Italy
31,104367,12.146,191980,Mantel frieze,Mantel frieze,XV,Marble,Overall: 10 1/8 × 50 1/4 × 6 in. (25.7 × 127.6 × 15.2 cm),http://www.metmuseum.org/art/collection/search/191980,Italy
32,105607,17.115.1,193416,Capital,Capital (one of a series),XV,Botticini stone,Overall: 17 × 21 × 20 in. (43.2 × 53.3 × 50.8 cm),http://www.metmuseum.org/art/collection/search/193416,Italy
33,105608,17.115.2,193417,Capital,Capital (one of a series),XV,Botticino stone,Overall: 17 × 21 × 20 in. (43.2 × 53.3 × 50.8 cm),http://www.metmuseum.org/art/collection/search/193417,Italy
34,105609,17.115.3,193418,Capital,Capital,XV,Botticino stone,Overall: 18 × 20 × 20 in. (45.7 × 50.8 × 50.8 cm),http://www.metmuseum.org/art/collection/search/193418,Italy
35,105610,17.115.4,193419,Capital,Capital,XV,Botticino stone,Overall: 18 × 18 × 20 in. (45.7 × 45.7 × 50.8 cm),http://www.metmuseum.org/art/collection/search/193419,Italy
36,106173,17.190.1402,193998,Statuette,Standing Boy,XV,"










Bronze and silver","Overall without base (confirmed): 8 1/8 × 3 7/8 × 2 in. (20.6 × 9.8 × 5.1 cm)
Overall with base (confirmed): 11 1/2 × 4 1/8 × 3 1/4 in. (29.2 × 10.5 × 8.3 cm)",http://www.metmuseum.org/art/collection/search/193998,Italy
37,106618,17.190.2094,194444,Plaque,The Flagellation of Christ,XV,Bronze,Overall (confirmed): 7 3/16 × 7 3/4 × 9/16 in. (18.3 × 19.7 × 1.4 cm),http://www.metmuseum.org/art/collection/search/194444,Italy
38,106633,17.190.2127,194459,Window,Window,XV,"Marble, iron",26 1/2 × 23 in. (67.3 × 58.4 cm),http://www.metmuseum.org/art/collection/search/194459,Italy
39,106689,18.70.24,194521,Relief,Coat of arms of a Pope of the Piccolomini Family,XV,Marble,"Overall (wt. confirmed): 20 × 40 1/2 in., 154 lb. (50.8 × 102.9 cm, 69853.942g)",http://www.metmuseum.org/art/collection/search/194521,Italy
40,107701,26.276.4,195673,Statuette,Neptune Seated on a Marine Monster and Blowing a Conch Shell,XV,"Bronze, wood pedestal",Overall (confirmed): 7 1/8 × 3 × 3 in. (18.1 × 7.6 × 7.6 cm),http://www.metmuseum.org/art/collection/search/195673,Italy
41,107704,27.14.2,195676,Corbel,Corbel,XV,Grey stone (pietra serena),"Overall (wt. confirmed): H. 32 x W. 26 1/2 in., 175lb. (81.3 x 67.3 cm, 79.3795kg)",http://www.metmuseum.org/art/collection/search/195676,Italy
42,110393,39.153,198556,Period room,Studiolo from the Ducal Palace in Gubbio,XV,"Walnut, beech, rosewood, oak and fruitwoods in walnut base","H. 15 ft. 10 15/16 in. (485 cm), W. 16 ft. 11 15/16 in. (518 cm), D. 12 ft. 7 3/16 in. (384 cm)",http://www.metmuseum.org/art/collection/search/198556,Italy
43,110566,41.100.74,198739,Candlestick,Boy standing on a seashell,XV,"Bronze, dark brown patina",Height: 12 1/4 in. (31.1 cm),http://www.metmuseum.org/art/collection/search/198739,Italy
44,110568,"41.100.76a, b",198741,Statuette,Spinario (Boy Pulling a Thorn from His Foot),XV,"Bronze, marble",Overall (confirmed): 7 1/8 × 3 5/8 × 4 7/8 in. (18.1 × 9.2 × 12.4 cm),http://www.metmuseum.org/art/collection/search/198741,Italy
45,110800,41.190.471,198997,Fountain,Fountain with Arms of Jacopo de' Pazzi,XV,Marble,Height: 45 1/2 in. (115.6 cm); Diameter: 66 3/4 in. (169.5 cm),http://www.metmuseum.org/art/collection/search/198997,Italy
46,110808,41.190.486,199005,Mantel,Mantel,XV,Limestone,Overall: 132 × 65 in. (335.3 × 165.1 cm),http://www.metmuseum.org/art/collection/search/199005,Italy
47,111512,46.113,199760,Mantel,Mantel,XV,Marble,,http://www.metmuseum.org/art/collection/search/199760,Italy
48,113122,52.28,201398,Statuette,Saint John,XV,"Bronze, on marble pedestal",Overall with base (confirmed): 9 1/4 × 2 3/4 × 2 3/4 in. (23.5 × 7 × 7 cm); overall without base (confirmed): 7 1/2 × 2 1/8 × 1 3/4 in. (19.1 × 5.4 × 4.4 cm),http://www.metmuseum.org/art/collection/search/201398,Italy
49,113925,58.115,202237,Shell,Shell,XV,Bronze,"Overall (wt. confirmed): 15 1/2 x 17 1/2 in., 31lb. (39.4 x 44.5 cm, 14.0615kg)",http://www.metmuseum.org/art/collection/search/202237,Italy
50,114026,60.37.1,202388,Statuette,The Virgin Mary,XV,Partially gilt bronze,"Overall (confirmed): 7 5/8 × 2 1/2 × 1 9/16 in. (19.4 × 6.4 × 4 cm);
Height (base): 3 3/16 in. (8.1 cm)",http://www.metmuseum.org/art/collection/search/202388,Italy
51,114027,60.37.2,202389,Statuette,Saint John,XV,Partially gilt bronze,"Overall (confirmed): 7 9/16 × 2 5/8 × 1 5/8 in. (19.2 × 6.7 × 4.1 cm);
Height (base): 3 3/16 in. (8.1 cm)",http://www.metmuseum.org/art/collection/search/202389,Italy
52,115355,64.101.1422,203919,Oil lamp,Oil lamp,XV,Bronze,,http://www.metmuseum.org/art/collection/search/203919,Italy
53,115358,64.101.1427,203922,Plaque,Satyr and Bacchante,XV,Bronze,Diameter: 6 3/4 in. (17.1 cm),http://www.metmuseum.org/art/collection/search/203922,Italy
54,115361,64.101.1432,203925,Statuette,Male Torso,XV,Bronze,Height: 6 1/2 in. (16.5 cm),http://www.metmuseum.org/art/collection/search/203925,Italy
55,115365,64.101.1438,203929,Statuette,Hercules (?),XV,Bronze,Height: 10 1/2 in. (26.7 cm),http://www.metmuseum.org/art/collection/search/203929,Italy
56,115366,64.101.1439,203930,Statuette,Youth,XV,Bronze,Height: 10 in. (25.4 cm),http://www.metmuseum.org/art/collection/search/203930,Italy
57,115874,64.304.1,204503,Statuette,David with the Head of Goliath,XV,Bronze with oil gilding of a later date,"Overall (confirmed): 11 1/4 × 5 1/4 × 4 7/8 in., 9.7 lb. (28.6 × 13.3 × 12.4 cm, 4.4 kg)
",http://www.metmuseum.org/art/collection/search/204503,Italy
58,116183,68.141.18,204852,Statuette,Resting Hercules,XV,Bronze,Overall (confirmed): 5 3/8 × 8 1/2 × 5 3/8 in. (13.7 × 21.6 × 13.7 cm),http://www.metmuseum.org/art/collection/search/204852,Italy
59,118402,1983.356,207394,Fountain statuette,Sprite,XV,"High-copper alloy, fire-gilt, brown natural patina where exposed","Overall (confirmed): 24 1/4 × 8 1/8 × 11 3/4 in., 30 lb. (61.6 × 20.6 × 29.8 cm, 13.6 kg)",http://www.metmuseum.org/art/collection/search/207394,Italy
60,119546,1997.26,208569,Panel,Scipio Africanus,XV,"Poplar, bog oak and other wood inlay, rosewood, tin, bone, traces of green coloring",24-3/16 x 17-1/8 in. (61.5 x 43.3 cm.),http://www.metmuseum.org/art/collection/search/208569,Italy
61,139076,95.35.4,231306,Cast,St. John the Baptist,XV,Plaster,,http://www.metmuseum.org/art/collection/search/231306,Italy
62,101664,06.1336,189167,Mantel,Mantel,XVI,Verona marble,Overall: 68 × 104 × 31 in. (172.7 × 264.2 × 78.7 cm),http://www.metmuseum.org/art/collection/search/189167,Italy
63,103256,08.175.10,190792,Statuette,Saint Augustine,XVI,Bronze,Overall (confirmed): 6 1/2 × 2 × 1 5/8 in. (16.5 × 5.1 × 4.1 cm),http://www.metmuseum.org/art/collection/search/190792,Italy
64,103257,08.175.11,190793,Statuette,Saint  Ambrose,XVI,Bronze,Overall (confirmed): 6 1/2 × 2 × 1 3/4 in. (16.5 × 5.1 × 4.4 cm),http://www.metmuseum.org/art/collection/search/190793,Italy
65,103633,09.155.1,191176,Statuette,Reclining Putto,XVI,Bronze,Overall (confirmed): 7 5/8 × 12 7/16 × 6 1/8 in. (19.4 × 31.6 × 15.6 cm),http://www.metmuseum.org/art/collection/search/191176,Italy
66,103715,10.9.2,191263,Statuette,Cleopatra,XVI,Bronze,Height: 12 7/8 in. (32.7 cm),http://www.metmuseum.org/art/collection/search/191263,Italy
67,104019,10.134.1,191588,Relief,Relief section (one of a pair),XVI,Terracotta,H. 18 on. (45.7 cm.); W. 15-1/2 in. (39.4 cm.),http://www.metmuseum.org/art/collection/search/191588,Italy
68,104020,10.134.2,191589,Relief,Relief section (one of a pair),XVI,Terracotta,H. 17 in. (43.2 cm.); L. 14 in. (35.6 cm.),http://www.metmuseum.org/art/collection/search/191589,Italy
69,104030,10.141.3,191599,Statuette,Lucretia,XVI,Bronze,Height with pedestal: 9 3/4 in. (24.8 cm),http://www.metmuseum.org/art/collection/search/191599,Italy
70,104065,11.38.2,191639,Oil lamp,Oil lamp in the form of a sphinx,XVI,Bronze,Overall (confirmed): 4 7/8 × 2 3/8 × 5 3/4 in. (12.4 × 6 × 14.6 cm),http://www.metmuseum.org/art/collection/search/191639,Italy
71,104334,12.129.1,191941,Statuette ,Angel,XVI,Gilt bronze,"Overall (figure, confirmed): 5 1/8 × 2 1/8 × 6 1/8 in. (13 × 5.4 × 15.6 cm)
Overall (wings, confirmed): 2 3/8 × 3/4 × 1 3/4 in. (6 × 1.9 × 4.4 cm)
Overall (cross, confirmed): 5 1/8 × 1 1/2 × 1 5/8 in. (13 × 3.8 × 4.1 cm)",http://www.metmuseum.org/art/collection/search/191941,Italy
72,104335,12.129.2,191942,Statuette ,Angel,XVI,Gilt bronze,"Overall (figure, confirmed): 5 1/8 × 1 1/2 × 1 5/8 in. (13 × 3.8 × 4.1 cm);
Overall (wings, confirmed): 2 1/4 × 3/4 × 1 1/4 in. (5.7 × 1.9 × 3.2 cm);
Overall (spear, confirmed): 3 1/2 × 1 1/8 × 3/4 in. (8.9 × 2.9 × 1.9 cm)",http://www.metmuseum.org/art/collection/search/191942,Italy
73,104337,12.130.2,191944,Panel,The Finding of Moses,XVI,Wood,"Overall: 36 × 32 in. (91.4 × 81.3 cm);
Framed: 40 3/8 × 36 1/4 × 8 in., 128.8 lb. (102.6 × 92.1 × 20.3 cm, 58.4 kg)",http://www.metmuseum.org/art/collection/search/191944,Italy
74,104376,"12.152.1, .2",191989,Brackets,Pair of brackets,XVI,"Walnut, carved and partly gilded",each: 20 3/4 × 14 3/4 in. (52.7 × 37.5 cm),http://www.metmuseum.org/art/collection/search/191989,Italy
75,104686,13.91,192323,Relief,Lion of Saint Mark,XVI,Limestone,33 1/2 × 45 in. (85.1 × 114.3 cm),http://www.metmuseum.org/art/collection/search/192323,Italy
76,104715,13.149.5,192353,Statuette,Omphale,XVI,Bronze,4 1/2 × 8 in. (11.4 × 20.3 cm),http://www.metmuseum.org/art/collection/search/192353,Italy
77,105073,14.40.689,192729,Statuette,Triton,XVI,Bronze,"Height: 36 in., 53.9 lb. (91.4 cm, 24.4 kg)",http://www.metmuseum.org/art/collection/search/192729,Italy
78,105079,14.40.695,192735,Andiron ,Vulcan,XVI,Bronze,H. 44 in. ( 111.8 cm.),http://www.metmuseum.org/art/collection/search/192735,Italy
79,105410,16.32.78,193215,Frieze,Frieze,XVI,Walnut,5 1/8 × 26 1/4 in. (13 × 66.7 cm),http://www.metmuseum.org/art/collection/search/193215,Italy
80,105654,"17.190.357, .358",193476,Cartouches,Pair of cartouches,XVI,"Carved, painted and gilded wood",each: 12 1/8 × 9 1/2 in. (30.8 × 24.1 cm),http://www.metmuseum.org/art/collection/search/193476,Italy
81,105802,17.190.753,193625,Frieze fragment,Frieze fragment,XVI,Marble,"Overall (wt. confirmed): 13 1/2 × 32 1/4 in., 71 lb. (34.3 × 81.9 cm, 32.2 kg)",http://www.metmuseum.org/art/collection/search/193625,Italy
82,105803,17.190.754,193626,Frieze fragment,Frieze fragment,XVI,Marble,"Overall (wt. confirmed): 13 1/2 × 45 in., 114 lb. (34.3 × 114.3 cm, 51.7 kg)",http://www.metmuseum.org/art/collection/search/193626,Italy
83,105813,17.190.839,193636,Plaque,The Risen Christ,XVI,Gilt bronze,H. 15-1/2 in. (39.4 cm.); W. 7-3/4 in. (19.7 cm.),http://www.metmuseum.org/art/collection/search/193636,Italy
84,106175,17.190.1405,194000,Relief,Elijah in the Fiery Chariot,XVI,Bronze,Overall (confirmed): 1 3/8 × 9 1/4 in. (3.5 × 23.5 cm),http://www.metmuseum.org/art/collection/search/194000,Italy
85,106619,17.190.2096,194445,Door knocker,Door knocker,XVI,Bronze,Overall (confirmed): 13 × 10 5/8 × 3 1/8 in. (33 × 27 × 7.9 cm),http://www.metmuseum.org/art/collection/search/194445,Italy
86,106631,17.190.2124,194457,Overdoor,Overdoor,XVI,Marble,21 1/2 × 78 in. (54.6 × 198.1 cm),http://www.metmuseum.org/art/collection/search/194457,Italy
87,106635,17.190.2133,194461,Pedestal,Pedestal,XVI,White marble,Overall: 28 × 13 1/4 × 13 1/4 in. (71.1 × 33.7 × 33.7 cm),http://www.metmuseum.org/art/collection/search/194461,Italy
88,106690,18.70.25,194522,Papal arms,"Arms of Pope Pius IV (Giovanni Angelo Medici of Milan, reigned 1559–65)",XVI,Marble,"Overall (wt. confirmed): 31 1/2 × 23 in., 292 lb. (80 × 58.4 cm, 132.5 kg)",http://www.metmuseum.org/art/collection/search/194522,Italy
89,106693,18.70.32,194525,Papal arms,"Arms of Pope Julius II (Giuliano della Rovere, reigned 1503–13)",XVI,Marble,"Overall (wt. confirmed): 44 1/2 × 27 1/2 in., 308 lb. (113 × 69.9 cm, 139.7 kg)",http://www.metmuseum.org/art/collection/search/194525,Italy
90,106700,18.111,194538,Statuette,A Prophet,XVI,Bronze,Overall with bolt (confirmed): 9 3/4 × 2 3/4 × 2 1/4 in. (24.8 × 7 × 5.7 cm); Height without bolt (confirmed): 8 3/8 in. (21.3 cm),http://www.metmuseum.org/art/collection/search/194538,Italy
91,107015,22.60.35,194910,Statuette,Warrior,XVI,Bronze,Height: 10 1/8 in. (25.7 cm),http://www.metmuseum.org/art/collection/search/194910,Italy
92,107245,24.212.1,195177,Statuette,Spinario (Boy Pulling a Thorn from his Foot),XVI,Bronze on green marble base,Figure (confirmed): 6 3/4 × 3 3/4 × 4 in. (17.1 × 9.5 × 10.2 cm); Tree stump (confirmed): 2 5/8 × 1 1/2 × 1 1/2 in. (6.7 × 3.8 × 3.8 cm); Base (confirmed): 2 3/4 in. × 4 in. × 4 in. (7 × 10.2 × 10.2 cm),http://www.metmuseum.org/art/collection/search/195177,Italy
93,107264,24.212.23,195196,Statuette,Horse,XVI,Bronze,Overall (confirmed): 9 3/4 × 10 7/8 × 3 3/4 in. (24.8 × 27.6 × 9.5 cm),http://www.metmuseum.org/art/collection/search/195196,Italy
94,107415,25.142.7,195362,Statuette,Marine Monster,XVI,Bronze,Overall (confirmed): 3 3/4 × 8 3/4 × 6 in. (9.5 × 22.2 × 15.2 cm),http://www.metmuseum.org/art/collection/search/195362,Italy
95,107427,25.142.24,195374,Statuette,Toad with a Young Toad on its Back,XVI,Bronze,Overall (confirmed): 2 1/2 × 4 5/8 × 4 3/4 in. (6.4 × 11.7 × 12.1 cm),http://www.metmuseum.org/art/collection/search/195374,Italy
96,107566,26.260.28,195535,Inkwell and lamp,Inkwell and lamp,XVI,Bronze,Overall (confirmed): 10 7/8 × 7 1/16 × 6 7/16 in. (27.6 × 17.9 × 16.4 cm),http://www.metmuseum.org/art/collection/search/195535,Italy
97,107740,27.36.10,195735,Bust,Marcus Aurelius,XVI,"Bronze, brass base",Height with base: 13 7/8 in. (35.2 cm),http://www.metmuseum.org/art/collection/search/195735,Italy
98,108564,30.95.1,196581,Pilaster,Pilaster,XVI,Carved walnut with traces of gilding,36 1/2 × 3 1/2 in. (92.7 × 8.9 cm),http://www.metmuseum.org/art/collection/search/196581,Italy
99,108571,30.95.111,196589,Inkstand,Mermaid playing a lute,XVI,Bronze,Height: 5 1/2 in. (14 cm),http://www.metmuseum.org/art/collection/search/196589,Italy
100,108579,30.95.203,196597,Capital,Capital (one of two),XVI,White marble,Overall: 3 1/2 × 4 3/4 in. (8.9 × 12.1 cm),http://www.metmuseum.org/art/collection/search/196597,Italy
101,108580,30.95.204,196598,Capital,Capital (one of two),XVI,White marble,Overall: 3 5/8 × 4 1/4 in. (9.2 × 10.8 cm),http://www.metmuseum.org/art/collection/search/196598,Italy
102,109012,32.100.165,197043,Bell,Bell,XVI,"Bronze, dark brown lacquer patina",Height: 4 7/8 in. (12.4 cm),http://www.metmuseum.org/art/collection/search/197043,Italy
103,109015,32.100.168,197046,Plaque,Pax with the Risen Christ Appearing to the Apostles,XVI,Gilt bronze,Overall: 5 7/16 x 3 11/16 (at base) x 2 in. (13.8 x 9.4 x 5.1 cm),http://www.metmuseum.org/art/collection/search/197046,Italy
104,109017,32.100.170,197048,Statuette,Spinario (Boy Pulling a Thorn from His Foot),XVI,Bronze,Overall (confirmed): 6 3/8 × 3 3/8 × 4 5/8 in. (16.2 × 8.6 × 11.7 cm),http://www.metmuseum.org/art/collection/search/197048,Italy
105,109018,32.100.171,197049,Lamp,Lamp,XVI,Bronze,Overall (confirmed): 6 3/8 × 4 1/2 × 3 1/16 in. (16.2 × 11.4 × 7.8 cm),http://www.metmuseum.org/art/collection/search/197049,Italy
106,109021,32.100.174,197052,Statuette,Mermaid,XVI,"Bronze, black lacquer patina",Height: 5 1/16 in. (12.9 cm),http://www.metmuseum.org/art/collection/search/197052,Italy
107,109022,32.100.175,197053,Statuette,Mermaid,XVI,"Bronze, black lacquer patina",Height: 5 1/16 in. (12.9 cm),http://www.metmuseum.org/art/collection/search/197053,Italy
108,109024,32.100.177,197055,Statuette,Cupid holding a candle socket,XVI,"Bronze, traces of brown lacquer patina; marble base",Overall with base (confirmed): 5 1/2 × 2 3/4 × 2 7/8 in. (14 × 7 × 7.3 cm); overall without base (confirmed): 4 1/8 × 2 3/4 × 2 5/16 in. (10.5 × 7 × 5.9 cm),http://www.metmuseum.org/art/collection/search/197055,Italy
109,109025,32.100.178,197056,Inkwell,Inkwell,XVI,"Bronze, dark lacquer patina",Height: 3 3/8 in. (8.6 cm),http://www.metmuseum.org/art/collection/search/197056,Italy
110,109026,32.100.179,197057,Statuette,Justice,XVI,Bronze-dark brown to black lacquer patina,Overall with base (confirmed): 8 × 3 7/8 × 2 7/8 in. (20.3 × 9.8 × 7.3 cm); overall without base (confirmed): 7 3/8 × 3 5/8 × 2 1/2 in. (18.7 × 9.2 × 6.4 cm),http://www.metmuseum.org/art/collection/search/197057,Italy
111,109027,32.100.180,197058,Statuette,Reclining Female,XVI,"Bronze, black lacquer patina",Overall (confirmed): 4 × 5 × 1 3/4 in. (10.2 × 12.7 × 4.4 cm),http://www.metmuseum.org/art/collection/search/197058,Italy
112,109032,32.100.185,197063,Statuette group,Hercules and Cacus,XVI,Bronze,Overall (confirmed): 19 1/4 × 8 1/2 × 6 1/2 in. (48.9 × 21.6 × 16.5 cm).,http://www.metmuseum.org/art/collection/search/197063,Italy
113,109034,32.100.187,197065,Andiron ,Minerva (one of a pair),XVI,Bronze,Height: 36 1/4 in. (92.1 cm),http://www.metmuseum.org/art/collection/search/197065,Italy
114,109035,32.100.188,197066,Andiron ,Mars (one of a pair),XVI,Bronze,Height: 36 1/4 in. (92.1 cm),http://www.metmuseum.org/art/collection/search/197066,Italy
115,109038,32.100.191,197069,Inkstand,Mermaid with ink pot,XVI,Bronze,Height: 5 3/16 in. (13.2 cm),http://www.metmuseum.org/art/collection/search/197069,Italy
116,109292,32.121,197324,Statue,Spinario (Boy Pulling a Thorn from His Foot),XVI,"Bronze, traces of gilding",Overall: 34 1/4 × 20 × 21 3/4 in. (87 × 50.8 × 55.2 cm),http://www.metmuseum.org/art/collection/search/197324,Italy
117,109314,33.58,197351,Statuette,Ganymede with Eagle and Eaglet,XVI,"Bronze, gilt bronze","Overall (confirmed): 11 1/8 × 5 × 3 3/8 in., 10 lb. (28.3 × 12.7 × 8.6 cm, 4.5 kg)",http://www.metmuseum.org/art/collection/search/197351,Italy
118,109425,33.166,197464,Statue,Perseus with the Head of Medusa,XVI,"Plaster, gilt",H. 30 1/2 in. (77.5 cm.),http://www.metmuseum.org/art/collection/search/197464,Italy
119,109431,34.48,197470,Statuette,She-bear,XVI,"Bronze, dark olive-brown patina",Height: 3 1/2 in. (8.9 cm),http://www.metmuseum.org/art/collection/search/197470,Italy
120,109952,"38.22.2a, b",198042,Statuette,Man Struggling with a Serpent,XVI,"Bronze, on yellow marble base",Height: 3 3/4 in. (9.5 cm),http://www.metmuseum.org/art/collection/search/198042,Italy
121,110304,39.78,198408,Plaque,Marriage of Peleus and Thetis,XVI,Bronze,15 × 9 3/8 in. (38.1 × 23.8 cm),http://www.metmuseum.org/art/collection/search/198408,Italy
122,110404,"40.14.2a, b",198569,Bust,Bust of Christ,XVI,Bronze,Overall (Bust .a) (confirmed): 9 1/2 × 5 1/2 × 4 1/8 in. (24.1 × 14 × 10.5 cm); Height (Tube .b): 4 7/8 in. (12.4 cm),http://www.metmuseum.org/art/collection/search/198569,Italy
123,110407,40.14.5,198572,Statuette,Vulcan,XVI,Bronze,Overall (confirmed): 10 3/4 × 4 1/4 × 4 3/8 in. (27.3 × 10.8 × 11.1 cm),http://www.metmuseum.org/art/collection/search/198572,Italy
124,110408,40.14.6,198573,Door knocker,Door knocker,XVI,Bronze,Overall (confirmed): 14 1/4 × 11 3/8 × 3 7/8 in. (36.2 × 28.9 × 9.8 cm),http://www.metmuseum.org/art/collection/search/198573,Italy
125,110409,40.14.7,198574,Statuette,Venus Marina,XVI,"Bronze, green patina","Overall (confirmed): 16 3/8 × 5 1/2 × 4 1/2 in. (41.6 × 14 × 11.4 cm)
Base (confirmed): 7 3/4 × 7 1/16 × 6 1/16 in. (19.7 × 17.9 × 15.4 cm)",http://www.metmuseum.org/art/collection/search/198574,Italy
126,110478,40.24,198643,Statuette,Saint Sebastian,XVI,Bronze,Overall (confirmed): 21 3/8 × 6 3/8 × 6 3/8 in. (54.3 × 16.2 × 16.2 cm),http://www.metmuseum.org/art/collection/search/198643,Italy
127,110567,41.100.75,198740,Statuette,Mercury,XVI,"Bronze, red-brown patina, remains of gilding",Overall (confirmed): 10 × 2 1/2 × 2 1/4 in. (25.4 × 6.4 × 5.7 cm),http://www.metmuseum.org/art/collection/search/198740,Italy
128,110572,41.100.80,198745,Statuette,Pluto and Cerberus,XVI,"Bronze, dark brown patina",Height: 20 3/4 in. (52.7 cm),http://www.metmuseum.org/art/collection/search/198745,Italy
129,110573,41.100.81,198746,Statuette,Minerva with Shield,XVI,Bronze,Overall (confirmed): 13 1/16 × 3 × 4 1/4 in. (33.2 × 7.6 × 10.8 cm),http://www.metmuseum.org/art/collection/search/198746,Italy
130,110574,"41.100.84a, b",198747,Bowl with cover,Bowl with cover,XVI,Bronze,"Height with cover (confirmed): 7 5/8 in. (19.4 cm);
Overall (.84a) (confirmed): 5 1/8 × 9 1/2 × 9 3/4 in. (13 × 24.1 × 24.8 cm);
Overall (.84b) (confirmed): 4 × 7 1/4 × 7 1/4 in. (10.2 × 18.4 × 18.4 cm)",http://www.metmuseum.org/art/collection/search/198747,Italy
131,110578,"41.100.90a, b",198751,Andiron,Orpheus,XVI,"Bronze, dark brown patina",Overall (confirmed): 35 1/2 in. × 17 in. × 11 1/8 in. (90.2 × 43.2 × 28.3 cm),http://www.metmuseum.org/art/collection/search/198751,Italy
132,110579,"41.100.91a, b",198752,Andiron ,Mercury,XVI,Bronze,Overall (confirmed): 35 1/2 in. × 17 in. × 11 1/2 in. (90.2 × 43.2 × 29.2 cm),http://www.metmuseum.org/art/collection/search/198752,Italy
133,110580,"41.100.92a, b",198753,Mortar,Mortar,XVI,Bronze,Overall: 14 × 19 1/4 in. (35.6 × 48.9 cm),http://www.metmuseum.org/art/collection/search/198753,Italy
134,110639,41.100.393,198823,Column ,Column (one of a pair),XVI,Limestone,Height (whole): 60 1/2 in. (153.7 cm); Height (capital): 11 in. (27.9 cm); Height (shaft): 39 1/4 in. (99.7 cm),http://www.metmuseum.org/art/collection/search/198823,Italy
135,110640,41.100.394,198824,Column ,Column (one of a pair),XVI,Limestone,Height (whole): 60 1/2 in. (153.7 cm); Height (capital): 11 in. (27.9 cm); Height (shaft): 39 1/2 in. (100.3 cm),http://www.metmuseum.org/art/collection/search/198824,Italy
136,110734,41.190.45a–f,198923,Inkstand,Inkstand,XVI,Bronze,"Overall (confirmed): 7 1/8 × 11 3/8 × 10 1/4 in. (18.1 × 28.9 × 26 cm)
. 45a (confirmed): 3 1/4 × 11 3/8 × 10 1/4 in. (8.3 × 28.9 × 26 cm)
.45b (confirmed): 4 × 4 1/8 × 4 5/8 in. (10.2 × 10.5 × 11.7 cm)
.45c (confirmed): 1 × 3 3/4 × 3 1/8 in. (2.5 × 9.5 × 7.9 cm)
.45d (confirmed): 1 1/8 × 3 3/4 × 3 1/4 in. (2.9 × 9.5 × 8.3 cm)
.45e (confirmed): 1 × 3 3/4 × 3 1/4 in. (2.5 × 9.5 × 8.3 cm)",http://www.metmuseum.org/art/collection/search/198923,Italy
137,110735,"41.190.46a, b",198924,Bowl,Bowl,XVI,Bronze,"Overall .46 a, b (confirmed): 4 1/2 × 6 1/4 × 6 1/4 in. (11.4 × 15.9 × 15.9 cm); overall .46a (confirmed): 2 1/16 × 4 1/4 × 4 1/4 in. (5.2 × 10.8 × 10.8 cm); overall .46b (confirmed): 2 5/8 × 6 1/4 × 6 1/4 in. (6.7 × 15.9 × 15.9 cm)",http://www.metmuseum.org/art/collection/search/198924,Italy
138,110739,41.190.53,198928,Bell,Bell,XVI,Bronze,Height: 6 3/4 in. (17.1 cm),http://www.metmuseum.org/art/collection/search/198928,Italy
139,110740,41.190.54,198929,Statuette,Minerva,XVI,Bronze,Overall (confirmed): 10 × 3 × 3 in. (25.4 × 7.6 × 7.6 cm),http://www.metmuseum.org/art/collection/search/198929,Italy
140,110741,41.190.55,198930,Statuette,Hercules,XVI,"Bronze
","Overall with base (confirmed): 15 1/4 × 3 3/4 × 3 3/4 in. (38.7 × 9.5 × 9.5 cm)
Overall without base (confirmed): 10 1/2 × 3 3/4 × 2 7/8 in. (26.7 × 9.5 × 7.3 cm)",http://www.metmuseum.org/art/collection/search/198930,Italy
141,110742,41.190.56,198931,Candlestick,Pricket candlestick,XVI,Bronze,Height: 15 1/4 in. (38.7 cm),http://www.metmuseum.org/art/collection/search/198931,Italy
142,110868,42.57.4.1–.108,199071,Period room,Chapel from Le Château de la Bastie d'Urfé,XVI,Walnut and intarsia of various woods,,http://www.metmuseum.org/art/collection/search/199071,Italy
143,111409,45.60.35,199643,Statuette ,Putto with Viol,XVI,"Bronze, dark green marble plinth","Height (without base): 10 in. (25.4 cm);
Height (with base): 13 in. (33 cm)",http://www.metmuseum.org/art/collection/search/199643,Italy
144,111410,45.60.36,199644,Statuette ,Putto with Flute,XVI,"Bronze, dark green marble plinth",H. w/out base 10 in. (25.4 cm.); H. w. base 13 in. (33 cm.),http://www.metmuseum.org/art/collection/search/199644,Italy
145,112294,"49.7.59a, b",200554,Statuette group,Triton and Nereid,XVI,Bronze,Overall (confirmed): 8 5/8 × 4 3/8 × 6 1/8 in. (21.9 × 11.1 × 15.6 cm),http://www.metmuseum.org/art/collection/search/200554,Italy
146,112298,49.7.63,200558,Statuette,Apollo with Lyre,XVI,Bronze,Overall (confirmed): 13 1/4 × 4 1/8 × 5 1/4 in. (33.7 × 10.5 × 13.3 cm),http://www.metmuseum.org/art/collection/search/200558,Italy
147,112347,49.56.12,200610,Armorial tablet,Armorial tablet,XVI,Marble,Overall: 32 × 23 1/2 × 2 7/8 in. (81.3 × 59.7 × 7.3 cm),http://www.metmuseum.org/art/collection/search/200610,Italy
148,112353,49.60.11,200616,Door knocker,Door knocker,XVI,"Bronze, painted black",Height: 13 1/4 in. (33.7 cm),http://www.metmuseum.org/art/collection/search/200616,Italy
149,112399,50.145.63,200665,Bust,"Ottavio Farnese (1524–1586), Duke of Parma and Piacenza",XVI,Bronze on green marble base,Height without base: 8 1/2 in. (21.6 cm),http://www.metmuseum.org/art/collection/search/200665,Italy
150,113101,51.175,201375,Statuette,Sleeping Cupid,XVI,"Bronze, partly gilded",Overall (confirmed): 8 7/8 × 7 3/4 × 7 1/2 in. (22.5 × 19.7 × 19.1 cm),http://www.metmuseum.org/art/collection/search/201375,Italy
151,113566,55.93,201862,Statuette,Paris,XVI,"Bronze, partially gilt and silvered","Overall (confirmed): H. 14 5/8 x W. 7 3/8 x D. 7 3/4 in. (37.1 x 18.7 x 19.7 cm); Alternate dimensions, positioned with legs and chest fully frontal (confirmed): W. 5 3/4 x D. 8 7/8 in. (14.6 x 22.5 cm)",http://www.metmuseum.org/art/collection/search/201862,Italy
152,113648,56.234.33,201951,Mantel,Mantel,XVI,Marble,,http://www.metmuseum.org/art/collection/search/201951,Italy
153,113684,57.136.1,201990,Statuette,Saint John,XVI,Bronze,"Overall (confirmed): 10 15/16 × 4 7/8 × 3 5/8 in. (27.8 × 12.4 × 9.2 cm)
Base (confirmed): 2 1/4 in. (5.7 cm)",http://www.metmuseum.org/art/collection/search/201990,Italy
154,113685,57.136.2,201991,Statuette,Saint Matthew,XVI,Bronze,H. 10-9/16 in. (26.8 cm.),http://www.metmuseum.org/art/collection/search/201991,Italy
155,113806,58.57a–d,202115,Table,The Farnese Table,XVI,"Marble of different colors, semiprecious stones, Egyptian alabaster, residue of paint of different colors on the piers","Overall: 37 1/2 in. × 12 ft. 5 1/4 in. × 66 1/4 in. (95.3 × 379.1 × 168.3 cm)
South base/support confirmed: 1306 lb. (592.4 kg)
Center base/support, confirmed: 1266 lb. (574.3 kg)
North base/support, confirmed: 1321 lb. (599.2 kg)",http://www.metmuseum.org/art/collection/search/202115,Italy
156,113927,58.121,202239,Altar enframement,Altar enframement,XVI,Marble,H. 13 ft. 10 in.; W. 11 ft. 1 in.,http://www.metmuseum.org/art/collection/search/202239,Italy
157,113945,59.23.1,202258,Statuette,Cupid,XVI,"Bronze, on green marble base",Overall with base (confirmed): 12 15/16 × 6 1/2 × 4 in. (32.9 × 16.5 × 10.2 cm); overall without base (confirmed): 8 3/16 × 5 1/8 × 4 in. (20.8 × 13 × 10.2 cm),http://www.metmuseum.org/art/collection/search/202258,Italy
158,114308,63.39,202717,Statuette,The Risen Christ,XVI,Bronze,Overall (confirmed): 11 3/4 × 5 1/2 × 3 1/8 in. (29.8 × 14 × 7.9 cm),http://www.metmuseum.org/art/collection/search/202717,Italy
159,114565,63.227,202995,Armorial,The Barbarigo Armorial,XVI,"Wood, gilded and polychromed",Overall: 82 × 52 in. (208.3 × 132.1 cm),http://www.metmuseum.org/art/collection/search/202995,Italy
160,115343,64.101.1410,203907,Statuette,St. Christopher,XVI,Bronze,Height: 10 1/4 in. (26 cm),http://www.metmuseum.org/art/collection/search/203907,Italy
161,115344,64.101.1411,203908,Statuette,David with the Head of Goliath,XVI,Bronze,Overall (confirmed): 10 3/4 × 4 1/2 × 2 3/4 in. (27.3 × 11.4 × 7 cm),http://www.metmuseum.org/art/collection/search/203908,Italy
162,115346,64.101.1413,203910,Statuette,Rearing Horse,XVI,Bronze,"Overall (confirmed): 8 1/8 x 9 1/8 x 3 1/16 in., 4.1lb. (20.6 x 23.2 x 7.8 cm, 1842g); Length of protruding rods under rear hooves: 1 3/8 in. (3.5 cm)",http://www.metmuseum.org/art/collection/search/203910,Italy
163,115348,64.101.1415,203912,Statuette ,Satyr with urn (one of a pair),XVI,Bronze,Overall (confirmed): 9 3/8 × 4 7/8 × 2 7/8 in. (23.8 × 12.4 × 7.3 cm),http://www.metmuseum.org/art/collection/search/203912,Italy
164,115349,64.101.1416,203913,Statuette ,Satyress with urn (one of a pair),XVI,Bronze,Overall (confirmed): 9 7/8 × 3 3/8 × 3 1/4 in. (25.1 × 8.6 × 8.3 cm),http://www.metmuseum.org/art/collection/search/203913,Italy
165,115350,64.101.1417,203914,Statuette,Seated Satyr,XVI,Bronze,Overall (confirmed): 9 × 7 1/8 × 6 3/4 in. (22.9 × 18.1 × 17.1 cm),http://www.metmuseum.org/art/collection/search/203914,Italy
166,115351,64.101.1418,203915,Statuette,Seated Pan,XVI,Bronze,Overall (confirmed): 11 1/4 × 7 × 7 1/2 in. (28.6 × 17.8 × 19.1 cm),http://www.metmuseum.org/art/collection/search/203915,Italy
167,115353,64.101.1420,203917,Ewer,Ewer in the shape of a chimera,XVI,Bronze,Height: 8 1/4 in. (21 cm),http://www.metmuseum.org/art/collection/search/203917,Italy
168,115354,64.101.1421,203918,Oil lamp,Oil lamp,XVI,Bronze,L. 6-3/4 in. (17.1 cm.),http://www.metmuseum.org/art/collection/search/203918,Italy
169,115356,64.101.1425,203920,Statuette,Neptune,XVI,Bronze,"Overall without base (confirmed): 14 3/8 × 5 3/8 × 3 3/8 in. (36.5 × 13.7 × 8.6 cm)
Height with base (confirmed): 15 in. (38.1 cm)",http://www.metmuseum.org/art/collection/search/203920,Italy
170,115357,64.101.1426,203921,Tondo,Triumph of Neptune,XVI,Bronze,Diameter: 9 3/4 in. (24.8 cm),http://www.metmuseum.org/art/collection/search/203921,Italy
171,115362,64.101.1433,203926,Statuette,Cleopatra,XVI,Bronze,Height: 10 1/4 in. (26 cm),http://www.metmuseum.org/art/collection/search/203926,Italy
172,115369,64.101.1444,203933,Statuette group,Samson and the Philistines,XVI,Bronze,Overall (confirmed): 14 7/8 × 7 1/8 × 6 1/4 in. (37.8 × 18.1 × 15.9 cm),http://www.metmuseum.org/art/collection/search/203933,Italy
173,115371,64.101.1446,203935,Statuette,Jupiter,XVI,Bronze,Overall (confirmed): 11 5/8 × 5 5/8 × 3 1/4 in. (29.5 × 14.3 × 8.3 cm),http://www.metmuseum.org/art/collection/search/203935,Italy
174,115378,64.101.1454,203942,Door knocker,Door knocker,XVI,Bronze,Height: 11 1/4 in. (28.6 cm),http://www.metmuseum.org/art/collection/search/203942,Italy
175,115383,64.101.1462,203947,Statuette,Farnese Hercules,XVI,"Bronze, partially gilt",Overall (confirmed): 9 × 4 1/4 × 3 1/4 in. (22.9 × 10.8 × 8.3 cm),http://www.metmuseum.org/art/collection/search/203947,Italy
176,115875,64.304.2,204504,Statuette,Seated Hercules in the Act of Shooting at the Stymphalian Birds,XVI,Bronze,Overall (confirmed): 11 3/4 × 8 × 5 1/4 in. (29.8 × 20.3 × 13.3 cm),http://www.metmuseum.org/art/collection/search/204504,Italy
177,115945,65.202,204587,Bust,Emperor Antoninus Pius,XVI,"Bronze, partially gilt and silvered, on marble socle",Overall without base (confirmed): H. 25 1/4 x W. 19 3/4 x D. 14 1/4 in. (64.1 x 50.2 x 36.2 cm); Height with base (confirmed): 29 7/8 in. (75.9 cm),http://www.metmuseum.org/art/collection/search/204587,Italy
178,116181,68.141.10,204850,Bust,Young St. John the Baptist,XVI,Bronze,Overall (confirmed): 5 1/2 × 5 1/8 × 4 1/4 in. (14 × 13 × 10.8 cm),http://www.metmuseum.org/art/collection/search/204850,Italy
179,116184,68.141.19,204853,Statuette,Venus Marina,XVI,Bronze,Overall (confirmed): 17 3/8 × 6 × 5 1/4 in. (44.1 × 15.2 × 13.3 cm),http://www.metmuseum.org/art/collection/search/204853,Italy
180,116485,1970.57,205182,Statuette,Fortuna,XVI,Bronze,"Overall without bolt (confirmed): 21 1/4 × 6 1/4 × 4 5/8 in. (54 × 15.9 × 11.7 cm)
Height with bolt (confirmed): 23 5/8 in. (60 cm)",http://www.metmuseum.org/art/collection/search/205182,Italy
181,116641,1971.158.1,205351,Wall fountain,Wall fountain,XVI,Grey sandstone (pietra serena),"H. 16'3"" (4.953 m.); W. 12'9-1/2"" (3.899 m.)",http://www.metmuseum.org/art/collection/search/205351,Italy
182,116642,1971.171,205352,Inkwell,Atlantid,XVI,"Bronze on black, red and green marble base","Overall (confirmed): 7 3/8 × 2 3/8 × 2 3/4 in. (18.7 × 6 × 7 cm)
Height (with base): 10 5/16 in. (26.2 cm)",http://www.metmuseum.org/art/collection/search/205352,Italy
183,116787,1973.287.1,205520,Candlestick,Pricket candlestick (one of a pair),XVI,"Bronze, partially gilded",Overall (confirmed): 36 1/2 × 12 1/2 × 13 in. (92.7 × 31.8 × 33 cm),http://www.metmuseum.org/art/collection/search/205520,Italy
184,116788,1973.287.2,205521,Candlestick,Pricket candlestick (one of a pair),XVI,"Bronze, partially gilded",Overall (confirmed): 36 1/4 × 12 × 13 in. (92.1 × 30.5 × 33 cm),http://www.metmuseum.org/art/collection/search/205521,Italy
185,116878,1974.28.143,205646,Statuette,Resting Hercules,XVI,Bronze,H. 9-3/4 in. (24.8 cm),http://www.metmuseum.org/art/collection/search/205646,Italy
186,116939,1974.236,205712,Statuette,Statuette,XVI,Bronze,Overall (confirmed): 8 × 6 × 6 1/4 in. (20.3 × 15.2 × 15.9 cm),http://www.metmuseum.org/art/collection/search/205712,Italy
187,117838,1978.422,206754,Statuette,Allegorical female statutette of a Virtue or Sibyl,XVI,Bronze,Overall (confirmed): 19 × 9 × 4 in. (48.3 × 22.9 × 10.2 cm),http://www.metmuseum.org/art/collection/search/206754,Italy
188,117840,1978.516.5,206756,Statuette group,Virgin and Child with Angels,XVI,Bronze,"Overall without base (confirmed): 8 1/4 × 3 5/8 × 2 7/8 in. (21 × 9.2 × 7.3 cm)
Overall with base (confirmed): 9 × 3 7/8 × 2 3/4 in. (22.9 × 9.8 × 7 cm)",http://www.metmuseum.org/art/collection/search/206756,Italy
189,117863,1979.135.18,206781,Statuette,Vulcan,XVI,Bronze,Overall with bolt (confirmed): 12 1/8 × 3 3/8 × 3 3/4 in. (30.8 × 8.6 × 9.5 cm); Height without bolt (confirmed): 10 3/8 in. (26.4 cm),http://www.metmuseum.org/art/collection/search/206781,Italy
190,117985,1982.45,206918,Statuette,Pan,XVI,Bronze,"Overall (confirmed): 14 1/8 × 6 1/4 × 4 3/4 in. (35.9 × 15.9 × 12.1 cm)
Base (confirmed): 7 in. × 6 3/4 in. × 7 in. (17.8 × 17.1 × 17.8 cm)",http://www.metmuseum.org/art/collection/search/206918,Italy
191,118017,1982.60.91,206996,Statuette,Satyr,XVI,"Bronze, with remains of dark brown lacquer",Height: 12 in. (30.5 cm),http://www.metmuseum.org/art/collection/search/206996,Italy
192,118019,1982.60.93,206998,Oil lamp,Oil lamp in the form of a bearded acrobat,XVI,"Bronze, with dark brown lacquer patina, partially gilt",Length: 5 1/4 in. (13.3 cm),http://www.metmuseum.org/art/collection/search/206998,Italy
193,118020,1982.60.94,206999,Statuette,Tobias,XVI,Bronze,Overall (confirmed): 7 1/4 × 3 1/2 × 2 3/8 in. (18.4 × 8.9 × 6 cm),http://www.metmuseum.org/art/collection/search/206999,Italy
194,118024,1982.60.98,207003,Statuette group,Hercules and Antaeus,XVI,"Bronze, with red-brown natural patina, and remains of dark brown lacquer.",Height: 11 1/4 in. (28.6 cm),http://www.metmuseum.org/art/collection/search/207003,Italy
195,118038,1982.60.112,207017,Door knocker,Door knocker,XVI,"Bronze, with dark brown patina","Overall (confirmed): 4 13/16 × 12 1/2 × 3 1/2 in. (12.2 × 31.8 × 8.9 cm)
Width with bail (confirmed): 13 in. (33 cm)",http://www.metmuseum.org/art/collection/search/207017,Italy
196,118040,1982.60.114,207019,Statuette,Seated Satyr with a Shell,XVI,"Bronze, with dark brown lacquer patina",Overall (confirmed): 8 1/4 × 4 5/8 × 6 1/2 in. (21 × 11.7 × 16.5 cm),http://www.metmuseum.org/art/collection/search/207019,Italy
197,118644,1986.319.52,207645,Statuette,Juno and the Peacock,XVI,Bronze,Overall (confirmed): 13 1/4 × 4 1/2 × 3 3/4 in. (33.7 × 11.4 × 9.5 cm),http://www.metmuseum.org/art/collection/search/207645,Italy
198,119818,1997.512,208880,Statuette,Chronos,XVI,Bronze,Overall (confirmed): 18 1/2 × 10 × 5 in. (47 × 25.4 × 12.7 cm),http://www.metmuseum.org/art/collection/search/208880,Italy
199,119839,40.138.1,208910,Pilaster shaft,Shaft (part of a pilaster),XVI,Marble,Height: 25 1/2 in. (64.8 cm),http://www.metmuseum.org/art/collection/search/208910,Italy
200,120019,42.57.4.35,209171,Panel,The Descent of the Holy Spirit,XVI,Walnut and other woods,H. 35-1/2 x W. 43-1/2 in.  (90.2 x 110.5 cm),http://www.metmuseum.org/art/collection/search/209171,Italy
201,120020,42.57.4.108,209172,Panel,The Last Supper,XVI,Intarsia,H. 60 3/4 x W. 40 7/8 in.  (154.3 x 103.8 cm),http://www.metmuseum.org/art/collection/search/209172,Italy
202,120107,"26.260.96a, b",209280,Column with base,Column with base,XVI,Porphyry column and marble base,"Overall (confirmed): 48 1/2 × 20 × 20 in., 1289lb. (123.2 × 50.8 × 50.8 × 584.7 cm); Other (dia. and wt. of column only, ht. of marble base): 19 1/8 in., 1172lb., 3 in. (48.6 × 531.6 × 7.6 cm)",http://www.metmuseum.org/art/collection/search/209280,Italy
203,120108,40.138.2,209281,Capital,Pilaster capital,XVI,Marble,Overall: 5 5/8 × 7 3/4 in. (14.3 × 19.7 cm),http://www.metmuseum.org/art/collection/search/209281,Italy
204,120109,40.138.3,209282,Pilaster base,Pilaster base,XVI,Marble,H. 4-1/4 in. (10.8 cm.); W. 7-3/4 in. (19.7 cm.),http://www.metmuseum.org/art/collection/search/209282,Italy
205,120853,2000.69,210103,Statue,Siren,XVI,Bronze,"Overall (confirmed): 32 1/8 × 44 3/4 × 13 3/8 in., 130 lb. (81.6 × 113.7 × 34 cm, 58.9676 kg)",http://www.metmuseum.org/art/collection/search/210103,Italy
206,139009,2004.440.1,231027,Frieze fragment,Capricorn (section of a zodiac frieze),XVI,Bronze,Overall (confirmed): 6 1/2 × 7 7/8 × 1 7/8 in. (16.5 × 20 × 4.8 cm),http://www.metmuseum.org/art/collection/search/231027,Italy
207,139073,2006.35,231255,Statue,Mother Ape,XVI,Bronze,"Overall (confirmed): 25 1/8 × 13 × 20 5/8 in., 192 lb. (63.8 × 33 × 52.4 cm, 87.0906 kg)",http://www.metmuseum.org/art/collection/search/231255,Italy
208,139083,95.49.1,231343,Cast,Dying Slave,XVI,Plaster,,http://www.metmuseum.org/art/collection/search/231343,Italy
209,139084,95.49.2,231344,Cast,Rebellious Captive,XVI,Plaster,,http://www.metmuseum.org/art/collection/search/231344,Italy
210,139510,2004.440.2,233603,Frieze fragment,Sagittarius (section of a zodiac frieze),XVI,Bronze,Overall (confirmed): 7 × 8 3/4 × 2 1/4 in. (17.8 × 22.2 × 5.7 cm),http://www.metmuseum.org/art/collection/search/233603,Italy
211,139694,2009.58,236643,Oil lamp,The Rothschild Lamp,XVI,Bronze,"Overall (confirmed,wt including display block): H. 7 5/8 × W. 9 × D. 2 7/8 in., Wt. 4.4lb. (19.4 × 22.9 × 7.3 cm, 1995.827g)",http://www.metmuseum.org/art/collection/search/236643,Italy
212,140290,2012.157,238971,Statuette,Spinario (Boy Pulling a Thorn from His Foot),XVI,"Bronze, partially gilt (hair) and silvered (eyes)",H. 7 3/4 in. (19.7 cm); W. of base 2 15/16 in. (7.5 cm),http://www.metmuseum.org/art/collection/search/238971,Italy
213,383541,42.57.4.10,632591,Panel,Saint Jerome with a lion,XVI,Walnut and other woods,,http://www.metmuseum.org/art/collection/search/632591,Italy
214,383542,42.57.4.3,632592,Panel,Architectural Capriccio,XVI,Walnut and other woods,,http://www.metmuseum.org/art/collection/search/632592,Italy
215,436345,"26.260.97a, b",712259,Column with Base,Column with base,XVI,Marble,"column: 54 1/4 × 18 1/4 × 18 1/4 in. (137.8 × 46.4 × 46.4 cm)
base: 6 3/4 × 22 × 22 in. (17.1 × 55.9 × 55.9 cm)",http://www.metmuseum.org/art/collection/search/712259,Italy
216,103083,08.49,190607,Bust,"Pope Innocent X (Giovanni Battista Pamphili, reigned 1644–55)",XVII,Bronze,Height: 36 in. (91.4 cm),http://www.metmuseum.org/art/collection/search/190607,Italy
217,104040,10.185,191610,Statuette,Madonna and Child,XVII,Bronze,Overall (confirmed): 22 1/4 × 9 1/2 × 9 3/4 in. (56.5 × 24.1 × 24.8 cm),http://www.metmuseum.org/art/collection/search/191610,Italy
218,105076,14.40.692,192732,Andiron ,Allegory of Peace,XVII,Bronze,Height: 33 in. (83.8 cm),http://www.metmuseum.org/art/collection/search/192732,Italy
219,105077,14.40.693,192733,Andiron ,Allegory of War,XVII,Bronze,Height: 35 in. (88.9 cm),http://www.metmuseum.org/art/collection/search/192733,Italy
220,105078,14.40.694,192734,Andiron ,Venus,XVII,Bronze,Height: 44 1/2 in. (113 cm),http://www.metmuseum.org/art/collection/search/192734,Italy
221,107041,22.199,194945,Relief,Mask of Bearded Satyr,XVII,Bronze,Overall: 11 3/4 × 9 1/2 in. (29.8 × 24.1 cm),http://www.metmuseum.org/art/collection/search/194945,Italy
222,107248,24.212.5,195180,Statuette,Fortuna,XVII,Bronze,Overall (confirmed): 18 1/2 × 5 3/4 × 4 in. (47 × 14.6 × 10.2 cm),http://www.metmuseum.org/art/collection/search/195180,Italy
223,107249,24.212.7,195181,Statuette,Ceres,XVII,"Bronze,  on wood base with Boulle-syle inlay and gilt-bronze mounts",Overall (confirmed): 14 1/8 × 4 3/4 × 3 1/2 in. (35.9 × 12.1 × 8.9 cm),http://www.metmuseum.org/art/collection/search/195181,Italy
224,107250,24.212.8,195182,Terminal statuette,Jupiter,XVII,Bronze,Overall (confirmed): 14 1/2 × 5 5/8 × 5 1/8 in. (36.8 × 14.3 × 13 cm),http://www.metmuseum.org/art/collection/search/195182,Italy
225,107257,24.212.15,195189,Statuette,Crouching Venus,XVII,Bronze,Overall (confirmed): 9 7/8 × 4 1/4 × 5 3/8 in. (25.1 × 10.8 × 13.7 cm),http://www.metmuseum.org/art/collection/search/195189,Italy
226,107258,24.212.16,195190,Statuette,Bathing Venus,XVII,Bronze,Height: 13 1/4 in. (33.7 cm),http://www.metmuseum.org/art/collection/search/195190,Italy
227,107261,24.212.19,195193,Statuette group,Nessus and Dejanira,XVII,Bronze,Overall (confirmed): 10 × 7 5/8 × 3 5/8 in. (25.4 × 19.4 × 9.2 cm),http://www.metmuseum.org/art/collection/search/195193,Italy
228,107263,24.212.22,195195,Statuette,Horse,XVII,Bronze,Overall (confirmed): 8 3/4 × 10 1/8 × 2 5/8 in. (22.2 × 25.7 × 6.7 cm),http://www.metmuseum.org/art/collection/search/195195,Italy
229,107410,25.142.2,195357,Statuette,Dragon,XVII,Bronze,Overall (confirmed): 6 3/8 × 2 1/2 × 4 in. (16.2 × 6.4 × 10.2 cm),http://www.metmuseum.org/art/collection/search/195357,Italy
230,107414,25.142.6,195361,Statuette,Triton,XVII,Bronze,H. 9-5/8 in. (24.5 cm.),http://www.metmuseum.org/art/collection/search/195361,Italy
231,107416,25.142.8,195363,Door knocker,Door knocker,XVII,Bronze,Overall: 9 1/4 × 7 1/2 in. (23.5 × 19.1 cm),http://www.metmuseum.org/art/collection/search/195363,Italy
232,107421,25.142.14,195368,Statuette group,The Rape of a Sabine Woman,XVII,"Bronze, black wood base",Height: 9 7/8 in. (25.1 cm),http://www.metmuseum.org/art/collection/search/195368,Italy
233,107422,25.142.15,195369,Statuette,Siren,XVII,Bronze; alabaster base,Height: 3 1/2 in. (8.9 cm),http://www.metmuseum.org/art/collection/search/195369,Italy
234,107425,25.142.19,195372,Statuette,Centaur,XVII,"Bronze, green marble base",Overall: 5 3/4 × 5 1/2 in. (14.6 × 14 cm),http://www.metmuseum.org/art/collection/search/195372,Italy
235,107426,25.142.20,195373,Statuette,Centaur,XVII,"Bronze, colored marble base",Overall: 5 × 5 3/8 in. (12.7 × 13.7 cm),http://www.metmuseum.org/art/collection/search/195373,Italy
236,107587,26.260.90,195559,Statuette group,Venus Chastening Cupid,XVII,Bronze,Overall (confirmed): 22 1/2 × 12 5/8 × 8 5/8 in. (57.2 × 32.1 × 21.9 cm),http://www.metmuseum.org/art/collection/search/195559,Italy
237,107735,27.36.5,195730,Statuette ,Hercules,XVII,Bronze,Overall with bolt (confirmed): 14 1/8 × 3 7/8 × 4 3/8 in. (35.9 × 9.8 × 11.1 cm); Height (without bolt (confirmed)): 11 7/8 in. (30.2 cm),http://www.metmuseum.org/art/collection/search/195730,Italy
238,107736,27.36.6,195731,Statuette ,Ceres,XVII,Bronze,Overall with bolt (confirmed): 14 5/8 × 3 3/4 × 2 5/8 in. (37.1 × 9.5 × 6.7 cm); Height (without bolt (confirmed)): 12 1/4 in. (31.1 cm),http://www.metmuseum.org/art/collection/search/195731,Italy
239,107739,27.36.9,195734,Candlestick fragment,Candlestick fragment,XVII,Bronze,Overall (confirmed): 13 × 7 11/16 × 6 7/8 in. (33 × 19.5 × 17.5 cm),http://www.metmuseum.org/art/collection/search/195734,Italy
240,108342,27.224.2,196341,Statuette,Saint Sebastian,XVII,Gilt and patinated bronze,Overall (confirmed): 20 7/8 × 9 3/4 × 5 5/8 in. (53 × 24.8 × 14.3 cm),http://www.metmuseum.org/art/collection/search/196341,Italy
241,109008,32.100.161,197039,Statuette,Hercules Leaning on a Club,XVII,Bronze,Height: 12 7/8 in. (32.7 cm),http://www.metmuseum.org/art/collection/search/197039,Italy
242,109028,32.100.181,197059,Statuette,Astronomy,XVII,Gilt bronze,Overall (confirmed): 5 × 2 5/8 × 2 in. (12.7 × 6.7 × 5.1 cm),http://www.metmuseum.org/art/collection/search/197059,Italy
243,109030,32.100.183,197061,Statuette group,Venus and Cupid,XVII,"Bronze, remains of reddish-gold lacquer",5 × 2 3/4 in. (12.7 × 7 cm),http://www.metmuseum.org/art/collection/search/197061,Italy
244,109037,32.100.190,197068,Statuette,Bacchus with a Panther,XVII,Bronze,Height: 9 1/8 in. (23.2 cm),http://www.metmuseum.org/art/collection/search/197068,Italy
245,109043,32.100.196a–c,197074,Relief group,The Flagellation of Christ,XVII,Gilt bronze,Height (.196- center): 5 7/8 in. (14.9 cm); Height (.196b- left): 9 in. (22.9 cm); Height (.196c- right): 7 1/4 in. (18.4 cm),http://www.metmuseum.org/art/collection/search/197074,Italy
246,109421,33.153.2,197460,Statue,Saint Catherine of Siena (1347–1380),XVII,"Bronze, black patina","Wt. confirmed: 58 in., 695 lb. (147.3 cm, 315.2 kg)",http://www.metmuseum.org/art/collection/search/197460,Italy
247,109422,33.153.3,197461,Statue,Saint Bernardino of Siena (1380–1444),XVII,"Bronze, black patina, details gilded","Overall (confirmed): 58 1/2 in., 591 lb. (148.6 cm, 268.1 kg)",http://www.metmuseum.org/art/collection/search/197461,Italy
248,109435,34.111,197478,Statuette group,Baptism of Christ,XVII,Bronze with dark brown patina,17 1/2 × 10 1/4 × 18 in. (44.5 × 26 × 45.7 cm),http://www.metmuseum.org/art/collection/search/197478,Italy
249,109908,37.28a–d,197995,Statuette group,Christ Crucified Between the Two Thieves,XVII,Bronze,"(Christ .a, confirmed): 10 3/4 × 8 × 1 13/16 in. (27.3 × 20.3 × 4.6 cm);
(Thief .b, confirmed): 9 3/8 × 7 1/4 × 2 3/8 in. (23.8 × 18.4 × 6 cm);
(Thief .c, confirmed): 9 1/8 × 8 3/4 × 2 7/8 in. (23.2 × 22.2 × 7.3 cm);
(Base and crosses): 31 3/8 x 17 1/2 in. (79.8 x 44.5 cm)",http://www.metmuseum.org/art/collection/search/197995,Italy
250,109931,37.194,198019,Statuette,Flagellator,XVII,Bronze,Overall (confirmed): 10 1/8 × 4 1/4 × 2 1/2 in. (25.7 × 10.8 × 6.4 cm),http://www.metmuseum.org/art/collection/search/198019,Italy
251,110207,38.152.11,198307,Plaque,The Rest on the Flight into Egypt,XVII,Bronze,10 1/2 x 13 in. (26.7 x 33 cm),http://www.metmuseum.org/art/collection/search/198307,Italy
252,110215,38.152.20,198315,High relief,Saint Ignatius Loyola with Saints and Martyrs of the Jesuit Order,XVII,Bronze,11 3/8 x 18 5/8 in. (28.9 x 47.3 cm),http://www.metmuseum.org/art/collection/search/198315,Italy
253,110737,"41.190.48, .49",198926,Terminal statuettes,Pair of Minerva figures,XVII,Bronze,Overall (.48) (confirmed): 7 × 1 11/16 × 1 3/4 in. (17.8 × 4.3 × 4.4 cm); Overall (.49) (confirmed): 6 7/8 × 1 11/16 × 1 11/16 in. (17.5 × 4.3 × 4.3 cm),http://www.metmuseum.org/art/collection/search/198926,Italy
254,111278,44.142.2,199498,Crucifix,Crucifix,XVII,"Gilt bronze, silver; wood cross (modern)",Overall: 29 15/16 × 17 in. (76 × 43.2 cm),http://www.metmuseum.org/art/collection/search/199498,Italy
255,111523,46.183,199772,Statuette,Neptune with a Dolphin,XVII,Bronze with black patina,Overall (confirmed): 20 1/4 × 15 3/8 × 11 3/4 in. (51.4 × 39.1 × 29.8 cm),http://www.metmuseum.org/art/collection/search/199772,Italy
256,112360,49.68.2,200624,Corpus,Corpus from a crucifix,XVII,"Gilt bronze, ebonized wood",Overall: 88 × 51 3/4 in. (223.5 × 131.4 cm),http://www.metmuseum.org/art/collection/search/200624,Italy
257,113154,52.187,201431,Statuette,Saint Peter,XVII,Gilt bronze,"Overall (confirmed): 11 1/8 × 4 3/4 × 3 3/4 in. (28.3 × 12.1 × 9.5 cm)
Height (with pedestal): 16 in. (40.6 cm)",http://www.metmuseum.org/art/collection/search/201431,Italy
258,113564,55.72,201859,Relief plaque,Anointment of the Dead Christ,XVII,Bronze,Overall: 10 7/16 × 11 1/4 in. (26.5 × 28.6 cm),http://www.metmuseum.org/art/collection/search/201859,Italy
259,113569,55.113,201865,Statuette group,Nessus and Dejanira,XVII,Bronze,Overall: 16 1/4 × 14 5/8 × 7 3/8 in. (41.3 × 37.1 × 18.7 cm),http://www.metmuseum.org/art/collection/search/201865,Italy
260,113653,57.20,201957,Bust,Pope Alexander VII (1599–1667),XVII,Bronze,"Overall (confirmed): 39 1/4 x 34 1/4 x 16 1/2 in., 145 lb. (99.7 x 87 x 41.9 cm, 65.7716 kg)",http://www.metmuseum.org/art/collection/search/201957,Italy
261,114560,63.197,202972,Statuette group,Rape of the Sabine Woman,XVII,"Bronze, marble pedestal","Height: 38 3/4 in. (98.4 cm);
Base: 14 in. × 9 1/8 in. (35.6 × 23.2 cm)",http://www.metmuseum.org/art/collection/search/202972,Italy
262,115373,64.101.1449,203937,Statuette,Nude female,XVII,Bronze,H. 14-1/4 in. (36.2 cm.),http://www.metmuseum.org/art/collection/search/203937,Italy
263,115374,64.101.1450,203938,Statuette,Astronomy,XVII,Bronze,"H. without base (confirmed): 15 3/4 in. (40 cm); W. 4 3/4 in. (12.1 cm); D. 6 in. (15.2 cm)
Height with base (confirmed): 21 1/4 in. (54 cm)",http://www.metmuseum.org/art/collection/search/203938,Italy
264,115375,64.101.1451,203939,Statuette,Wild Boar,XVII,Bronze,Overall: 7 × 8 1/4 in. (17.8 × 21 cm),http://www.metmuseum.org/art/collection/search/203939,Italy
265,115386,64.101.1466,203950,Statuette,"The Suicide of Dido, Queen of Carthage",XVII,Bronze,Overall with base (confirmed): 13 × 4 3/4 × 4 3/4 in. (33 × 12.1 × 12.1 cm); overall without base (confirmed): 9 1/16 × 4 3/4 × 3 3/4 in. (23 × 12.1 × 9.5 cm),http://www.metmuseum.org/art/collection/search/203950,Italy
266,115387,64.101.1467,203951,Statuette,Standing Child (Possibly a Young St. John the Baptist),XVII,Bronze,Height: 9 1/2 in. (24.1 cm),http://www.metmuseum.org/art/collection/search/203951,Italy
267,115388,64.101.1468,203952,Statuette,Triton with shell serving as saltcellar,XVII,"Copper, parcel gilt and silver-gilt",Overall (confirmed): 5 1/16 × 4 7/8 × 4 7/16 in. (12.9 × 12.4 × 11.3 cm),http://www.metmuseum.org/art/collection/search/203952,Italy
268,115395,64.101.1487,203959,Sconce,Sconce in the form of an arm,XVII,"Bronze, parcel-gilt",Length: 16 1/2 in. (41.9 cm),http://www.metmuseum.org/art/collection/search/203959,Italy
269,116021,66.111,204681,Statuette,Venus and Cupid,XVII,"Bronze, on marble base","Overall without base (confirmed): 16 1/4 × 5 1/8 × 4 5/8 in. (41.3 × 13 × 11.7 cm)
Overall with base (confirmed): 18 × 5 1/4 × 4 5/8 in. (45.7 × 13.3 × 11.7 cm)",http://www.metmuseum.org/art/collection/search/204681,Italy
270,116179,68.141.5,204848,Bust,Bust of a Bishop-Saint,XVII,"Gilt bronze, crystal",Height: 9 in. (22.9 cm),http://www.metmuseum.org/art/collection/search/204848,Italy
271,116189,68.141.25,204858,Statuette,Venus after the Bath,XVII,Bronze,Height: 10 1/4 in. (26 cm),http://www.metmuseum.org/art/collection/search/204858,Italy
272,116592,1970.314,205297,Statuette,Mars as Contemporary Warrior,XVII,Bronze,Overall (confirmed): 21 7/8 × 6 7/8 × 6 in. (55.6 × 17.5 × 15.2 cm),http://www.metmuseum.org/art/collection/search/205297,Italy
273,116593,1970.315,205298,Statuette group,Rape of a Sabine,XVII,Bronze on marble base,Overall (confirmed): 23 1/4 × 9 1/8 × 10 3/8 in. (59.1 × 23.2 × 26.4 cm),http://www.metmuseum.org/art/collection/search/205298,Italy
274,117785,1977.339,206698,Statuette,Hermaphrodite,XVII,Bronze,"Overall figure (confirmed): 4 5/8 × 17 × 7 1/4 in. (11.7 × 43.2 × 18.4 cm);
Overall base (confirmed): 3 3/8 × 16 × 7 1/2 in. (8.6 × 40.6 × 19.1 cm)",http://www.metmuseum.org/art/collection/search/206698,Italy
275,117810,1978.202,206724,Statuette,Saint Agnes,XVII,Bronze,Overall (confirmed): 13 15/16 × 6 × 5 7/8 in. (35.4 × 15.2 × 14.9 cm),http://www.metmuseum.org/art/collection/search/206724,Italy
276,117842,1978.516.7,206758,Statuette group,Two Women Wrestling,XVII,Bronze,Overall (confirmed): 13 9/16 × 7 1/2 × 8 3/8 in. (34.4 × 19.1 × 21.3 cm),http://www.metmuseum.org/art/collection/search/206758,Italy
277,117843,1978.516.8,206759,Statuette group,Two Men Wrestling,XVII,Bronze,Overall (confirmed): 16 1/4 × 8 3/8 × 8 1/2 in. (41.3 × 21.3 × 21.6 cm),http://www.metmuseum.org/art/collection/search/206759,Italy
278,117865,1979.135.20,206783,Statuette,Ceres,XVII,Bronze,Overall with base (confirmed): 14 7/8 × 3 1/2 × 3 1/4 in. (37.8 × 8.9 × 8.3 cm); Height without base (confirmed): 13 in. (33 cm),http://www.metmuseum.org/art/collection/search/206783,Italy
279,117945,1981.76a–c,206875,Statuette,Crucifix on a Golgotha Base,XVII,Corpus: gilt bronze; cross and base: bronze,"Overall (Corpus - 76 a) (confirmed): 12 3/8 × 11 1/8 × 3 in. (31.4 × 28.3 × 7.6 cm)
Overall (base - 76b) (confirmed): 4 7/8 × 9 3/4 × 7 1/8 in. (12.4 × 24.8 × 18.1 cm)
Overall (combined) (confirmed): 23 5/8 × 11 1/8 × 7 1/8 in. (60 × 28.3 × 18.1 cm)",http://www.metmuseum.org/art/collection/search/206875,Italy
280,118022,1982.60.96,207001,Statuette group,Hercules and the Nemean Lion,XVII,"Bronze, with brown lacquer patina",Height: 12 3/4 in. (32.4 cm),http://www.metmuseum.org/art/collection/search/207001,Italy
281,118025,1982.60.99,207004,Statuette,Bacchus and a Panther,XVII,Bronze,Overall (confirmed): 8 13/16 × 2 5/8 × 2 1/8 in. (22.4 × 6.7 × 5.4 cm),http://www.metmuseum.org/art/collection/search/207004,Italy
282,118026,1982.60.100,207005,Statuette group,Hercules and the Erymanthian Boar,XVII,"Bronze, with red-brown lacquer patina",Height: 17 1/2 in. (44.5 cm),http://www.metmuseum.org/art/collection/search/207005,Italy
283,118027,1982.60.101,207006,Corpus,The Crucified Christ: Corpus from a Cross,XVII,"Bronze, with medium brown lacquer patina",Height: 14 in. (35.6 cm),http://www.metmuseum.org/art/collection/search/207006,Italy
284,118028,1982.60.102,207007,Statuette,Pacing Horse,XVII,"Bronze, with remains of red-brown lacquer",Overall (confirmed): 9 1/2 × 10 1/2 × 3 1/4 in. (24.1 × 26.7 × 8.3 cm),http://www.metmuseum.org/art/collection/search/207007,Italy
285,118029,1982.60.103,207008,Statuette,Prisoner,XVII,Gilt bronze,Height: 5 in. (12.7 cm),http://www.metmuseum.org/art/collection/search/207008,Italy
286,118030,1982.60.104,207009,Statuette,Rearing Horse,XVII,"Bronze, with pale brown natural patina, remains of dark brown lacquer","Overall (confirmed): 13 5/8 × 16 3/4 × 5 3/4 in. (34.6 × 42.5 × 14.6 cm)
Base (confirmed): 8 3/8 in. (21.3 cm)",http://www.metmuseum.org/art/collection/search/207009,Italy
287,118032,1982.60.106,207011,Bust,"Paolo Giordano II Orsini, Duke of Bracciano",XVII,"Bronze, with dark brown lacquer patina, and gilded and silvered details",Overall (confirmed): 7 1/8 × 6 × 2 1/2 in. (18.1 × 15.2 × 6.4 cm),http://www.metmuseum.org/art/collection/search/207011,Italy
288,118035,1982.60.109,207014,Relief,Christ Bearing the Cross,XVII,"Bronze, with red-brown lacquer patina",Overall (confirmed): 6 3/4 × 9 3/4 × 1 3/4 in. (17.1 × 24.8 × 4.4 cm),http://www.metmuseum.org/art/collection/search/207014,Italy
289,118041,"1982.60.115, .116",207020,Statuettes,Pair of double-headed monsters,XVII,"Bronze, with black lacquer patina","Overall (.115) (confirmed): 5 1/8 × 9 13/16 × 4 3/4 in. (13 × 24.9 × 12.1 cm)
Overall (.116) (confirmed): 6 3/16 × 10 7/8 × 4 3/4 in. (15.7 × 27.6 × 12.1 cm)",http://www.metmuseum.org/art/collection/search/207020,Italy
290,118042,1982.60.117,207021,Group,David and Goliath,XVII,"Bronze, with dark brown lacquer patina",Overall (confirmed): 17 1/2 × 8 3/4 × 9 1/4 in. (44.5 × 22.2 × 23.5 cm),http://www.metmuseum.org/art/collection/search/207021,Italy
291,118405,1983.450,207397,Bust,"Francesco I de' Medici (1541–1587), Grand Duke of Tuscany",XVII,Bronze,Overall (confirmed): H. 30 3/8 x W. 24 1/2 x D. 13 11/16 in. (77.2 x 62.2 x 34.7 cm),http://www.metmuseum.org/art/collection/search/207397,Italy
292,118643,1986.319.51,207644,Relief,The Annunciation,XVII,Bronze,4 5/16 × 6 3/8 in. (11 × 16.2 cm),http://www.metmuseum.org/art/collection/search/207644,Italy
293,118673,1987.13,207676,Statuette,The Suicide of Ajax,XVII,Bronze,Height: 18 3/4 in. (47.6 cm),http://www.metmuseum.org/art/collection/search/207676,Italy
294,118951,1991.89,207964,Head,Head of Brother Onufrio,XVII,Bronze,Overall (confirmed): 12 1/8 × 9 1/4 × 12 3/8 in. (30.8 × 23.5 × 31.4 cm),http://www.metmuseum.org/art/collection/search/207964,Italy
295,139013,"48.18.1, .2",231033,Candlesticks,Pair of candlesticks,XVII,Bronze with dark brown patina,"Overall (.1 confirmed): 21 in. × 11 in. × 6 1/2 in. (53.3 × 27.9 × 16.5 cm);
Overall (.2 confirmed): 20 1/2 in. × 9 1/2 in. × 7 in. (52.1 × 24.1 × 17.8 cm)",http://www.metmuseum.org/art/collection/search/231033,Italy
296,101662,06.1335.1a–d,189164,Period room,Bedroom from the Sagredo Palace,XVIII,"Wood, stucco, marble, glass","H. 25 ft. 2 in. (767.1 cm), W. 18 ft. 2 in. (553.7 cm), D. 13 ft. 2 in. (401.3 cm)",http://www.metmuseum.org/art/collection/search/189164,Italy
297,101841,"07.225.67a, b",189350,Figures,Pair of dolphins,XVIII,"Lindenwood, gilt",Each: H. 47-1/4 in. (120 cm),http://www.metmuseum.org/art/collection/search/189350,Italy
298,103707,09.216.2,191255,Statuette,Old Sabine Crouching,XVIII,Bronze,Height: 9 in. (22.9 cm),http://www.metmuseum.org/art/collection/search/191255,Italy
299,104339,12.131,191946,Bust,"Pope Benedict XIV (Prosper Lambertini, 1675–1758, r. 1740–58)",XVIII,Bronze,Overall (confirmed): 12 1/8 × 6 1/2 × 3 1/2 in. (30.8 × 16.5 × 8.9 cm),http://www.metmuseum.org/art/collection/search/191946,Italy
300,105036,14.33,192691,Frame,Overdoor cresting,XVIII,"Wood, gilt",Overall (watercolor): 71 1/4 × 54 1/8 in. (181 × 137.5 cm),http://www.metmuseum.org/art/collection/search/192691,Italy
301,107259,24.212.17,195191,Statuette,Woman Bathing,XVIII,Bronze,Overall (confirmed): 13 × 3 5/8 × 4 in. (33 × 9.2 × 10.2 cm),http://www.metmuseum.org/art/collection/search/195191,Italy
302,107266,24.212.25,195198,Statuette,"Goddess, after the antique",XVIII,Bronze,Overall (confirmed): 13 1/2 × 4 × 3 7/8 in. (34.3 × 10.2 × 9.8 cm),http://www.metmuseum.org/art/collection/search/195198,Italy
303,107599,26.260.108a–c,195571,Wall fountain,Wall fountain,XVIII,Marble,,http://www.metmuseum.org/art/collection/search/195571,Italy
304,107738,27.36.8,195733,Statuette,Venus,XVIII,"Bronze, on wooden base",Height (with base): 16 in. (40.6 cm),http://www.metmuseum.org/art/collection/search/195733,Italy
305,109031,32.100.184,197062,Statuette,The Crouching Aphrodite of Doedalsas,XVIII,"Bronze, black lacquer patina",Overall (confirmed): 5 3/4 × 2 7/8 × 3 5/8 in. (14.6 × 7.3 × 9.2 cm),http://www.metmuseum.org/art/collection/search/197062,Italy
306,109033,32.100.186,197064,Statuette group,Two Men Fighting a Lion,XVIII,"Bronze, with black lacquer patina",Height: 14 1/2 in. (36.8 cm),http://www.metmuseum.org/art/collection/search/197064,Italy
307,110403,40.14.1,198568,Statuette,Bull,XVIII,Bronze,Overall (confirmed): 7 1/8 × 10 × 3 1/8 in. (18.1 × 25.4 × 7.9 cm),http://www.metmuseum.org/art/collection/search/198568,Italy
308,111535,46.193.11,199784,Overdoor,Overdoor,XVIII,Painted and gilded lindenwood,Overall: 28 1/4 × 46 3/4 in. (71.8 × 118.7 cm),http://www.metmuseum.org/art/collection/search/199784,Italy
309,115376,64.101.1452,203940,Statuette,The Dwarf Morgante,XVIII,Bronze,Overall with base (confirmed): 7 3/4 × 3 1/4 × 2 1/8 in. (19.7 × 8.3 × 5.4 cm); overall without base (confirmed): 5 5/16 × 3 1/4 × 2 in. (13.5 × 8.3 × 5.1 cm),http://www.metmuseum.org/art/collection/search/203940,Italy
310,115876,64.304.3,204505,Statuette,Standing Hercules,XVIII,"Bronze, with silvered wreath","Overall without bolt (confirmed): 8 1/4 × 3 7/8 × 3 1/4 in. (21 × 9.8 × 8.3 cm)
Height with bolt (confirmed): 11 5/16 in. (28.7 cm)",http://www.metmuseum.org/art/collection/search/204505,Italy
311,116192,68.141.28,204861,Statuette,Panther (or Lioness),XVIII,Reddish bronze with remains of black lacquer,Overall with base (confirmed): 8 3/8 × 3 1/2 × 11 15/16 in. (21.3 × 8.9 × 30.3 cm); Height without base (confirmed): 7 5/8 in. (19.4 cm),http://www.metmuseum.org/art/collection/search/204861,Italy
312,116552,1970.264.1,205256,Relief ,Martyrdom of St. Daniel of Padua,XVIII,Bronze,"Overall (confirmed): 19 5/8 × 29 1/4 × 4 1/2 in., 51 lb. (49.8 × 74.3 × 11.4 cm, 23.1 kg)",http://www.metmuseum.org/art/collection/search/205256,Italy
313,116553,1970.264.2,205257,Relief ,Martyrdom of St. Daniel of Padua,XVIII,Bronze,"Overall (confirmed): 18 7/8 × 28 1/2 × 3 1/2 in., 47 lb. (47.9 × 72.4 × 8.9 cm, 21.3 kg)",http://www.metmuseum.org/art/collection/search/205257,Italy
314,116736,1972.86,205464,Relief,St. Pius V,XVIII,Gilt bronze,Height: 25 1/2 in. (64.8 cm),http://www.metmuseum.org/art/collection/search/205464,Italy
315,116880,1974.28.145,205648,Statuette,Mercury,XVIII,Bronze,"Overall (confirmed, width and depth subjective depending on rotation): 13 1/4 × 4 3/8 × 6 3/4 in. (33.7 × 11.1 × 17.1 cm)",http://www.metmuseum.org/art/collection/search/205648,Italy
316,117866,1979.135.21,206784,Statuette,Crouching Venus,XVIII,"Bronze on modern, cylindrical, marbleized wood base",Overall (confirmed): 7 7/8 × 6 × 3 3/4 in. (20 × 15.2 × 9.5 cm),http://www.metmuseum.org/art/collection/search/206784,Italy
317,118036,1982.60.110,207015,Bowl,Vessel with three putti,XVIII,"Bronze, with remains of black lacquer",Overall (confirmed): 15 × 9 1/4 × 6 5/8 in. (38.1 × 23.5 × 16.8 cm),http://www.metmuseum.org/art/collection/search/207015,Italy
318,118542,1985.238,207536,Statuette group,The Sacrifice of Jephthah's Daughter,XVIII,Bronze,Overall (confirmed): 18 1/8 x 17 1/4 x 10 7/8 in. (46 x 43.8 x 27.6 cm),http://www.metmuseum.org/art/collection/search/207536,Italy
319,119017,"1991.307a, b",208030,Double doors,Pair of mirrored double doors,XVIII,"Lindenwood, carved and gilded; mirrored glass panels, walnut, pine",Overall (each): 8 ft. 11 1/16 × 25 × 2 1/2 in. (272 × 63.5 × 6.4 cm),http://www.metmuseum.org/art/collection/search/208030,Italy
320,119776,18.70.39,208832,Armorial,Arms of Counts de Medici,XVIII,Carved and gilded wood,Overall: 55 × 45 in. (139.7 × 114.3 cm),http://www.metmuseum.org/art/collection/search/208832,Italy
321,120043,"69.292.11, .12",209209,Overdoors,Pair of overdoors,XVIII,Carved and gilded pine,"Each, 30 x 50 in. (76.2 x 127 cm.)",http://www.metmuseum.org/art/collection/search/209209,Italy
322,139982,2010.114,237738,Statue,Saint Francis Xavier with an Angel Holding a Crucifix,XVIII,Bronze,"Overall (confirmed): H. 25 x W. 14 x D. 6 1/16 in., 29lb. (63.5 x 35.6 x 15.4 cm, 13.1543kg)",http://www.metmuseum.org/art/collection/search/237738,Italy
323,139983,2010.113,237739,Statue,Saint Ignatius Loyola with an Angel Holding a Book Inscribed with the Motto of the Society of Jesus,XVIII,Bronze,"Overall (confirmed): H. 24 5/8 x W. 13 7/8 x D. 4 5/8 in., 32lb. (62.5 x 35.2 x 11.7 cm, 14.5151kg)",http://www.metmuseum.org/art/collection/search/237739,Italy
324,101332,03.13,188829,Death mask,Death mask of Napoleon I,XIX,Bronze,Overall: 7 1/8 × 6 1/2 × 13 3/4 in. (18.1 × 16.5 × 34.9 cm),http://www.metmuseum.org/art/collection/search/188829,Italy
325,103674,09.200.2,191222,Bust,Henry VII,XIX,Bronze,Height: 26 in. (66 cm),http://www.metmuseum.org/art/collection/search/191222,Italy
326,110809,41.190.487,199006,Pilaster,Pilaster (one of four),XIX,Terracotta,Overall: 108 × 13 1/2 in. (274.3 × 34.3 cm),http://www.metmuseum.org/art/collection/search/199006,Italy
327,110810,41.190.488,199007,Pilaster,Pilaster (one of four),XIX,Terracotta,Overall: 108 × 13 1/2 in. (274.3 × 34.3 cm),http://www.metmuseum.org/art/collection/search/199007,Italy
328,110811,41.190.489,199008,Pilaster,Pilaster (one of four),XIX,Terracotta,Overall: 108 × 13 1/2 in. (274.3 × 34.3 cm),http://www.metmuseum.org/art/collection/search/199008,Italy
329,110812,41.190.490,199009,Pilaster,Pilaster (one of four),XIX,Terracotta,Overall: 108 × 13 1/2 in. (274.3 × 34.3 cm),http://www.metmuseum.org/art/collection/search/199009,Italy
330,117864,1979.135.19,206782,Statuette,"Equestrian statuette of Philip IV, King of Spain (1605–1665)",XIX,Bronze,"Horse and rider (confirmed): 16 1/8 × 7 × 12 5/8 in. (41 × 17.8 × 32.1 cm)
Rider (a) (confirmed): 12 3/8 × 7 × 5 1/8 in. (31.4 × 17.8 × 13 cm)
Horse (b) (confirmed): 12 × 5 5/8 × 12 5/8 in. (30.5 × 14.3 × 32.1 cm)
Base (confirmed): 9 × 7 3/4 × 15 in. (22.9 × 19.7 × 38.1 cm)",http://www.metmuseum.org/art/collection/search/206782,Italy
331,118037,1982.60.111,207016,Mortar,Renaissance-style mortar,XIX,"Bronze, with dark brown lacquer patina",Height: 8 3/8 in. (21.3 cm),http://www.metmuseum.org/art/collection/search/207016,Italy
332,120041,26.231.23,209207,Balcony front,Front of balcony,XIX,"Wood, polychromed and gilt",Overall: 27 3/4 in. × 10 ft. 10 3/4 in. (70.5 × 332.1 cm),http://www.metmuseum.org/art/collection/search/209207,Italy
333,140152,2011.346,238625,Vase,"Vase with masks, after the antique",XIX,Bronze,Overall (confirmed): 11 3/4 × 9 5/8 × 9 5/8 in. (29.8 × 24.4 × 24.4 cm),http://www.metmuseum.org/art/collection/search/238625,Italy
334,107252,24.212.10,195184,Statuette,Neptune,XVI,Bronze,Height: 18 7/8 in. (47.9 cm),http://www.metmuseum.org/art/collection/search/195184,Netherlands
335,109139,32.100.334a,197171,Chest front panel,Chest front panel,XVI,Oak,23 1/4 × 48 in. (59.1 × 121.9 cm),http://www.metmuseum.org/art/collection/search/197171,Netherlands
336,109140,32.100.334b,197172,Medallion,Medallion,XVI,Oak,Diameter: 7 1/2 in. (19.1 cm),http://www.metmuseum.org/art/collection/search/197172,Netherlands
337,109141,32.100.334c,197173,Medallion,Medallion,XVI,Oak,Diameter: 7 1/2 in. (19.1 cm),http://www.metmuseum.org/art/collection/search/197173,Netherlands
338,105411,16.32.79,193216,Panel,Panel,XVII,Carved oak,5 3/4 × 25 in. (14.6 × 63.5 cm),http://www.metmuseum.org/art/collection/search/193216,Netherlands
339,115418,64.101.1562,203982,Statuette group,Cain and Abel (?),XVII,Bronze,10 1/2 × 9 1/2 in. (26.7 × 24.1 cm),http://www.metmuseum.org/art/collection/search/203982,Netherlands
340,116838,1974.28.97,205606,Frame,Frame,XVIII,Carved boxwood,12 9/16 × 8 1/2 in. (31.9 × 21.6 cm),http://www.metmuseum.org/art/collection/search/205606,Netherlands
