THEME,TITLE,ARTIST,YEAR
Love,The Look of Love,ABC,1982
Love,The Shining,Badly Drawn Boy,2000
Love,God Only Knows,The Beach Boys,1966
Love,Good Vibrations,The Beach Boys,1966
Love,Wouldn’t It Be Nice,The Beach Boys,1966
Love,Eight Days a Week,The Beatles,1964
Love,Girl,The Beatles,1965
Love,I Want to Hold Your Hand,The Beatles,1963
Love,She Loves You,The Beatles,1963
Love,Something,The Beatles,1969
Love,With a Little Help from My Friends,The Beatles,1967
Love,Song for Whoever,The Beautiful South,1989
Love,How Deep is Your Love?,The Bee Gees,1977
Love,Sweet Little Sixteen,Chuck Berry,1958
Love,Crazy in Love,Beyoncé,2003
Love,Thirteen,Big Star,1972
Love,I’ll Take Care of You,Bobby “Blue” Bland,1959
Love,Heroes,David Bowie,1977
Love,The Wedding Song,David Bowie,1993
Love,Sit Down I Think I Love You,Buffalo Springfield,1966
Love,Everybody Needs Somebody to Love,Solomon Burke,1964
Love,Mehbooba Mehbooba,R D Burman,1975
Love,Hounds of Love,Kate Bush,1985
Love,The Man With the Child in His Eyes,Kate Bush,1978
Love,The Man I Love,Kate Bush,1994
Love,Love Me Forever,Carlton and the Shoes,1968
Love,The Dark End of the Street,James Carr,1967
Love,I Walk the Line,Johnny Cash,1956
Love,Deanna,Nick Cave and the Bad Seeds,1988
Love,I Got a Woman,Ray Charles,1954
Love,Stoned Out of My Mind,The Chi-Lites,1973
Love,That’s How Long,The Chi-Lites,1974
Love,Stay Free,The Clash,1978
Love,Private Number,Judy Clay and William Bell,1968
Love,Yellow,Coldplay,2000
Love,Do You Love Me?,The Contours,1962
Love,Cupid,Sam Cooke,1961
Love,I’m in the Mood Again,Elvis Costello,2003
Love,Jack of All Parades,Elvis Costello and the Attractions,1986
Love,Then He Kissed Me,The Crystals,1963
Love,Friday I’m in Love,The Cure,1992
Love,Pour Some Sugar on Me,Def Leppard,1987
Love,Born to Be With You,Dion,1975
Love,A Teenager in Love,Dion & the Belmonts,1960
Love,Blueberry Hill,Fats Domino,1956
Love,Girl from the North Country ,Bob Dylan,1963
Love,Visions of Johanna,Bob Dylan,1966
Love,Wedding Song,Bob Dylan,1974
Love,One Day Like This,Elbow,2008
Love,Let’s Stick Together,Bryan Ferry,1976
Love,Ev’ry Time We Say Goodbye,Ella Fitzgerald,1956
Love,Killing Me Softly With His Song,Roberta Flack,1973
Love,I Never Loved a Man (The Way I Love You),Aretha Franklin,1967
Love,I Say A Little Prayer,Aretha Franklin,1968
Love,The Power of Love,Frankie Goes to Hollywood,1984
Love,It’ll All Come Around,Patsy Gallant,1978
Love,Zing! Went the Strings of My Heart,Judy Garland,1939
Love,Ain’t No Mountain High Enough,Marvin Gaye And Tammi Terrell,1967
Love,You’re All I Need to Get By,Marvin Gaye And Tammi Terrell,1968
Love,The Dutchman,Steve Goodman,1973
Love,Let’s Get Married,Al Green,1974
Love,Let’s Stay Together,Al Green,1971
Love,Love and Happiness,Al Green,1972
Love,Sweet Child O’ Mine,Guns N’ Roses,1987
Love,I’m Into Something Good,Herman’s Hermits,1964
Love,How Will I Know,Whitney Houston,1985
Love,I’m So in Love,Leroy Hutson,1973
Love,I’m So Proud,The Impressions,1964
Love,Night Nurse,Gregory Isaacs,1982
Love,Summer Breeze,The Isley Brothers,1973
Love,Are You Ready For Love,Elton John,1979
Love,La Vie En Rose,Grace Jones,1977
Love,No One,Alicia Keys,2007
Love,Stand By Me,Ben E King,1961
Love,You Really Got Me,The Kinks,1964
Love,Constant Craving,KD Lang,1992
Love,Elusive Butterfly,Bob Lind,1966
Love,Is This Love?,Bob Marley,1978
Love,My Love,Paul McCartney and Wings,1973
Love,90% of Me is You,Gwen McRae,1974
Love,Angel of the Morning,Merrilee and the Turnabouts,1968
Love,Can’t Get You Out of My Head,Kylie Minogue,2001
Love,Help Me,Joni Mitchell,1974
Love,Madame George,Van Morrison,1968
Love,You’ve Got a Friend,Randy Newman,1995
Love,"Oh, Pretty Woman",Roy Orbison,1964
Love,Puppy Love,Donny Osmond,1972
Love,She,Gram Parsons,1973
Love,I Will Always Love You,Dolly Parton,1974
Love,I’m in Love,Wilson Pickett,1967
Love,She is Beyond Good and Evil,The Pop Group,1979
Love,"Let’s Do It, Let’s Fall in Love",Cole Porter,1928
Love,Can’t Help Falling in Love,Elvis Presley,1961
Love,Love Me Tender,Elvis Presley,1956
Love,I’ll Stand By You,The Pretenders,1994
Love,That Old Black Magic,Louis Prima and Keely Smith ,1959
Love,Let’s Get Married,The Proclaimers,1994
Love,You’re My Best Friend,Queen,1975
Love,Kehma Hi Kya,A R Rahman,1995
Love,Unchained Melody,The Righteous Brothers,1965
Love,Umbrella,Rihanna,2007
Love,You’ve Really Got a Hold On Me,Smokey Robinson and the Miracles,1962
Love,Be My Baby,The Ronettes,1963
Love,Valerie,Mark Ronson featuring Amy Winehouse,2007
Love,I Saw the Light,Todd Rundgren,1972
Love,Leader of the Pack,The Shangri-Las,1964
Love,Will You Love Me Tomorrow?,The Shirelles,1961
Love,Bridge Over Troubled Water,Simon and Garfunkel,1970
Love,Fly Me to the Moon,Frank Sinatra,1966
Love,Get Me to the Church On Time,Frank Sinatra,1966
Love,Love and Marriage,Frank Sinatra,1955
Love,True Love Travels on a Gravel Road,Percy Sledge,1969
Love,It Must Be Love,Labi Siffre,1971
Love,Frederick,Patti Smith,1979
Love,There is a Light That Never Goes Out,The Smiths,1986
Love,I Got You Babe,Sonny and Cher,1965
Love,You Gotta Come a Little Closer,Soul Brothers Six,1973
Love,Wannabe,The Spice Girls,1996
Love,I’ll Be Around,The Spinners,1972
Love,Mandolin Wind,Rod Stewart,1971
Love,She Bangs the Drums,The Stone Roses,1989
Love,I Feel Love ,Donna Summer,1977
Love,Baby Love,The Supremes,1964
Love,Stoned Love,The Supremes,1970
Love,You Can’t Hurry Love,The Supremes,1966
Love,Why Do Fools Fall in Love?,The Teenagers featuring Frankie Lymon,1956
Love,My Girl,The Temptations,1964
Love,Gloria,Them,1964
Love,Here Comes the Night,Them/Van Morrison,1965
Love,"River Deep, Mountain High",Ike and Tina Turner,1966
Love,Terry,Twinkle,1964
Love,Mad About the Boy,Dinah Washington,1952
Love,Wichita Linesman,Jimmy Webb,1968
Love,You Do Something to Me,Paul Weller,1995
Love,Music to Watch Girls By,Andy Williams,1967
Love,Do I Love You (Indeed I Do),Frank Wilson,1966
Love,Lean on Me,Bill Withers,1972
Love,Like a Hurricane,Neil Young,1977
Love,Only Love Can Break Your Heart,Neil Young,1970
Heartbreak,Tears Are Not Enough,ABC,1981
Heartbreak,The Winner Takes It All,Abba,1980
Heartbreak,Call Me on Your Way Back Home,Ryan Adams,2000
Heartbreak,Never Ever,All Saints,1997
Heartbreak,Please Give Me Something,Bill Allen and the Backbeats,1958
Heartbreak,Without You,Badfinger,1970
Heartbreak,Diamonds and Rust,Joan Baez,1975
Heartbreak,You’ve Got to Hide Your Love Away,The Beatles,1965
Heartbreak,The Boy Done Wrong Again,Belle and Sebastian,1996
Heartbreak,Heart of Glass,Blondie,1978
Heartbreak,One Way Or Another,Blondie,1979
Heartbreak,Flume,Bon Iver,2008
Heartbreak,Bed is For Sleeping,Bonnie ‘Prince’ Billy and Matt Sweeney,2005
Heartbreak,Letter to Hermione,David Bowie,1969
Heartbreak,Repetition,David Bowie,1979
Heartbreak,He Wasn’t Man Enough ,Toni Braxton,2000
Heartbreak,Lua,Bright Eyes,2005
Heartbreak,Ever Fallen in Love (With Someone You Shouldn’t’ve),Buzzcocks,1978
Heartbreak,I Still Miss Someone,Johnny Cash,1959
Heartbreak,Far From Me,Nick Cave,1997
Heartbreak,Where Were You,Vic Chesnutt,1991
Heartbreak,Since U Been Gone,Kelly Clarkson,2004
Heartbreak,Should I Stay Or Should I Go,The Clash,1982
Heartbreak,Crazy,Patsy Cline,1961
Heartbreak,"So Long, Marianne",Leonard Cohen,1967
Heartbreak,The Scientist,Coldplay,2002
Heartbreak,Against All Odds (Take a Look at Me Now),Phil Collins,1984
Heartbreak,Don’t Leave Me This Way,The Communards,1986
Heartbreak,Either Side of the Same Town,Elvis Costello ,2004
Heartbreak,I Hope You’re Happy Now,Elvis Costello and the Attractions,1986
Heartbreak,I Want You,Elvis Costello and the Attractions,1986
Heartbreak,He Hit Me (And it Felt Like a Kiss),The Crystals,1962
Heartbreak,Disintegration,The Cure,1989
Heartbreak,Katie Cruel,Karen Dalton,1971
Heartbreak,Layla,Derek and the Dominos,1970
Heartbreak,Warwick Avenue,Duffy ,2008
Heartbreak,"Don’t Think Twice, It’s All Right",Bob Dylan,1963
Heartbreak,Idiot Wind,Bob Dylan,1975
Heartbreak,"If You See Her, Say Hello",Bob Dylan,1975
Heartbreak,Just Like a Woman,Bob Dylan,1966
Heartbreak,She’s Your Lover Now,Bob Dylan,1966
Heartbreak,Tangled up in Blue,Bob Dylan,1975
Heartbreak,Brown Skin Woman,Snooks Eaglin,1962
Heartbreak,Goodbye,Steve Earle,1996
Heartbreak,The Killing Moon,Echo and the Bunnymen,1984
Heartbreak,My Very Best,Elbow,2006
Heartbreak,Missing (Todd Terry remix),Everything But the Girl,1995
Heartbreak,Why’d Ya Do It?,Marianne Faithfull,1979
Heartbreak,Go Your Own Way,Fleetwood Mac,1977
Heartbreak,Emily,Stephen Fretwell,2004
Heartbreak,I Heard it Through the Grapevine,Marvin Gaye,1967
Heartbreak,I Will Survive,Gloria Gaynor,1978
Heartbreak,Daddy’s Gone,Glasvegas,2007
Heartbreak,It’s My Party,Lesley Gore,1963
Heartbreak,How Can You Mend a Broken Heart ,Al Green,1972
Heartbreak,She’s Gone,Halls and Oates,1973
Heartbreak,Weightless Again,The Handsome Family,1998
Heartbreak,Christine,The House of Love,1988
Heartbreak,Don’t You Want Me?,The Human League,1981
Heartbreak,I Want You Back,The Jackson 5,1970
Heartbreak,Is She Really Going Out With Him?,Joe Jackson,1978
Heartbreak,I’d Rather Go Blind,Etta James,1969
Heartbreak,Devil Got My Woman,Skip James,1931
Heartbreak,Some Things Last a Long Time,Daniel Johnston,1990
Heartbreak,I Guess That’s Why They Call it the Blues,Elton John,1983
Heartbreak,Tainted Love,Gloria Jones,1964
Heartbreak,Delilah,Tom Jones,1968
Heartbreak,Piece of My Heart,Janis Joplin and Big Brother and the Holding Company,1968
Heartbreak,Love Will Tear Us Apart,Joy Division,1980
Heartbreak,Caught Out There,Kelis,1999
Heartbreak,You Don’t Know My Name,Alicia Keys,2003
Heartbreak,Mr Brightside,The Killers,2003
Heartbreak,The Thrill is Gone,BB King,1969
Heartbreak,It’s Too Late,Carole King,1971
Heartbreak,Lola,The Kinks,1970
Heartbreak,Let Me Down Easy,Bettye LaVette,1965
Heartbreak,Jealous Guy,John Lennon,1971
Heartbreak,Bleeding Love,Leona Lewis,2007
Heartbreak,Crazy For You,Madonna,1985
Heartbreak,Yes,McAlmont and Butler,1995
Heartbreak,It’s All in the Game,Van Morrison,1979
Heartbreak,"The More You Ignore Me, The Closer I Get",Morrissey,1994
Heartbreak,No Children,The Mountain Goats,2003
Heartbreak,Blue Monday,New Order,1983
Heartbreak,Nothing Compares 2 U,Sinead O’Connor,1990
Heartbreak,To Cry About,Mary Margaret O’Hara,1988
Heartbreak,Crying,Roy Orbison,1961
Heartbreak,Love Hurts,Gram Parsons with Emmylou Harris,1974
Heartbreak,"$1,000 Wedding",Gram Parsons,1974
Heartbreak,Jolene,Dolly Parton,1973
Heartbreak,It Was Jealousy,Ann Peebles,1976
Sex,Let’s Talk About Sex,Salt-n-Pepa,1990
Heartbreak,Ur So Gay,Katy Perry,2007
Heartbreak,Divorce Song,Liz Phair,1993
Heartbreak,Can’t Stand Losing You,The Police,1978
Heartbreak,Every Breath You Take,The Police,1983
Heartbreak,Always on My Mind,Elvis Presley,1972
Heartbreak,Suspicious Minds,Elvis Presley,1969
Heartbreak,Beware of Young Girls,Dory Previn,1970
Heartbreak,When Doves Cry,Prince,1984
Heartbreak,Jaan Pehechaan Ho,Mohammed Rafi,1965
Heartbreak,Sad Song,Lou Reed,1973
Heartbreak,Everybody Hurts,REM,1992
Heartbreak,The One I Love,REM,1987
Heartbreak,You’ve Lost That Lovin’ Feelin’,The Righteous Brothers,1964
Heartbreak,Stupid Girl,The Rolling Stones,1966
Heartbreak,Under My Thumb,The Rolling Stones,1966
Heartbreak,(The Best Part of) Breakin’ Up,The Ronettes,1964
Heartbreak,What Becomes of the Broken Hearted,Jimmy Ruffin,1966
Heartbreak,A Little Lost,Arthur Russell,1994
Heartbreak,Nobody Does it Better,Carly Simon,1977
Heartbreak,You’re So Vain,Carly Simon,1972
Heartbreak,50 Ways to Leave Your Lover,Paul Simon,1975
Heartbreak,Only the Lonely,Frank Sinatra,1958
Heartbreak,All Or Nothing,The Small Faces,1966
Heartbreak,I Know It’s Over,The Smiths,1986
Heartbreak,"Please, Please, Please Let Me Get What I Want",The Smiths,1984
Heartbreak,Left Only With Love,Smog,1998
Heartbreak,Broken Heart,Spiritualized,1997
Heartbreak,I Just Don’t Know What to Do With Myself,Dusty Springfield,1964
Heartbreak,You Don’t Have to Say You Love Me,Dusty Springfield,1966
Heartbreak,Maggie May,Rod Stewart,1971
Heartbreak,Dry Your Eyes,The Streets,2004
Heartbreak,Last Nite,The Strokes,2001
Heartbreak,Where Did Our Love Go?,The Supremes,1964
Heartbreak,You Keep Me Hangin’ On,The Supremes,1966
Heartbreak,(My Heart Is) Closed for the Season  ,Bettye Swann,1968
Heartbreak,Back for Good,Take That,1995
Heartbreak,No Scrubs,TLC,1999
Heartbreak,With Or Without You,U2,1987
Heartbreak,Give Me the Reason,Luther Vandross,1986
Heartbreak,Femme Fatale,The Velvet Underground and Nico,1967
Heartbreak,Ruby’s Arms,Tom Waits,1980
Heartbreak,Make it Easy on Yourself,The Walker Brothers,1965
Heartbreak,Walk on By,Dionne Warwick,1964
Heartbreak,Gold Digger,Kanye West,2005
Heartbreak,Say You Will ,Kanye West,2008
Heartbreak,Substitute,The Who,1966
Heartbreak,"Cold, Cold Heart",Hank Williams,1951
Heartbreak,No Regrets,Robbie Williams,1998
Heartbreak,Stronger Than Me,Amy Winehouse,2003
Heartbreak,You Know I’m No Good,Amy Winehouse,2006
Heartbreak,Ain’t No Sunshine,Bill Withers,1971
Heartbreak,Use Me,Bill Withers,1972
Heartbreak,D-I-V-O-R-C-E,Tammy Wynette,1968
Heartbreak,A Man Needs a Maid,Neil Young,1972
People and places,"New York, New York",Ryan Adams,2001
People and places,Lake Shore Drive,Aliotta Haynes Jeremiah,1971
People and places,I’ve Got to Go Back Home,Bob Andy,1966
People and places,We Gotta Get Out of This Place,The Animals,1965
People and places,A Certain Romance,Arctic Monkeys,2006
People and places,Chicago,Roy Ayers,1983
People and places,"Fun, Fun, Fun",The Beach Boys,1964
People and places,Eleanor Rigby,The Beatles,1966
People and places,Doctor Robert,The Beatles,1966
People and places,Drive My Car,The Beatles,1965
People and places,Penny Lane,The Beatles,1967
People and places,She’s Leaving Home,The Beatles,1967
People and places,Strawberry Fields Forever,The Beatles,1967
People and places,I Left My Heart in San Francisco,Tony Bennett,1962
People and places,"Memphis, Tennessee",Chuck Berry,1959
People and places,No Particular Place to Go,Chuck Berry,1964
People and places,Johnny B Goode,Chuck Berry,1958
People and places,Tribute to Buddy Holly,Mike Berry and the Outlaws,1961
People and places,Jerusalem,"William Blake, Charles Hubert and Hastings Parry",1916
People and places,Ain’t No Love in the Heart of the City,Bobby Bland,1974
People and places,Hernando’s Hideaway,Archie Bleyer,1954
People and places,For Tomorrow,Blur,1993
People and places,Life On Mars?,David Bowie,1971
People and places,Space Oddity,David Bowie,1969
People and places,Nights in New York City,Jan Bradley,1968
People and places,Levi Stubbs’ Tears,Billy Bragg,1986
People and places,Rocket 88,Jackie Brenston and His Delta Cats,1951
People and places,Blackwater Side,Anne Briggs,1971
People and places,Smalltown Boy,Bronski Beat,1984
People and places,Eight Miles High,The Byrds,1966
People and places,Galveston,Glen Campbell,1969
People and places,Minnie the Moocher,Cab Calloway,1931
People and places,Drive,The Cars,1984
People and places,Scarborough Fair,Martin Carthy,1965
People and places,I’m Free From the Chain Gang Now,Johnny Cash,2006
People and places,Folsom Prison Blues,Johnny Cash,1955
People and places,King of Bongo,Manu Chao,1998
People and places,Georgia on My Mind,Ray Charles,1960
People and places,Lonely Avenue,Ray Charles,1956
People and places,LA Freeway,Guy Clark,1975
People and places,London Calling,The Clash,1979
People and places,Many Rivers to Cross,Jimmy Cliff,1969
People and places,Riot in Cell Block #9,The Coasters,1954
People and places,Chelsea Hotel #2,Leonard Cohen,1974
People and places,First We Take Manhattan,Leonard Cohen,1988
People and places,The Banks of the Sweet Primroses,Shirley Collins,1967
People and places,Taxes on the Farmer Feeds Us All,Ry Cooder,1972
People and places,Chain Gang,Sam Cooke,1960
People and places,Brother Can You Spare a Dime?,Bing Crosby,1932
People and places,Beyond the Sea,Bobby Darin,1959
People and places,Mack the Knife ,Bobby Darin,1959
People and places,007 (Shanty Town),Desmond Dekker,1967
People and places,Geno,Dexys Midnight Runners,1980
People and places,Roadrunner,Bo Diddley,1960
People and places,The Wanderer,Dion,1961
People and places,Sunny Goodge Street,Donovan,1965
People and places,Black and White Town,Doves,2005
People and places,On Broadway,The Drifters,1963
People and places,Billericay Dickie,Ian Dury,1977
People and places,Ballad of a Thin Man,Bob Dylan,1965
People and places,Blind Willie McTell,Bob Dylan,1991
People and places,Like a Rolling Stone,Bob Dylan,1965
People and places,The Mountain,Steve Earle,1999
People and places,Station Approach,Elbow,2005
People and places,Leave the Capitol,The Fall,1981
People and places,Sin City,The Flying Burrito Brothers,1969
People and places,Solsbury Hill,Peter Gabriel,1977
People and places,Green Fields,"The Good, the Bad and the Queen",2007
People and places,Over the Rainbow,Judy Garland,1939
People and places,Do Re Mi,Woody Guthrie,1940
People and places,Big City,Merle Haggard,1981
People and places,Tribute to Hank Williams,Tim Hardin,1967
People and places,Boulder to Birmingham,Emmylou Harris ,1975
People and places,Coles Corner,Richard Hawley,2005
People and places,Just Like Eddie,Heinz,1963
People and places,Down in the Tube Station at Midnight,The Jam,1978
People and places,So What (Miles),Eddie Jefferson,1961
People and places,Me and Bobby McGee,Janis Joplin,1971
People and places,Cross Road Blues,Robert Johnson,1936
People and places,Choo Choo Ch’Boogie,Louis Jordan and His Tympany Five,1946
People and places,Spanish Harlem,Ben E King,1961
People and places,(Get Your Kicks On) Route 66,Nat King Cole,1946
People and places,Dead End Street,The Kinks,1966
People and places,The Village Green Preservation Society,The Kinks,1968
People and places,Waterloo Sunset,The Kinks,1967
People and places,London is the Place For Me,Lord Kitchener,1951
People and places,Trans-Europe Express,Kraftwerk,1977
People and places,Ramblin’ Man ,Lemon Jelly,2002
People and places,Kentucky,The Louvin Brothers,1956
People and places,Sweet Home Alabama,Lynyrd Skynyrd,1974
People and places,California Dreamin’,The Mamas and the Papas,1965
People and places,"No Woman, No Cry",Bob Marley and the Wailers,1974
People and places,Things Are Worse in Russia,Sam Mayo,1922
People and places,Vincent,Don McLean,1971
People and places,Me and My Chauffeur Blues,Memphis Minnie,1941
People and places,Stack O’ Lee,Mississippi John Hurt,1928
People and places,Diamonds Are a Girl’s Best Friend,Marilyn Monroe,1953
People and places,Coney Island,Van Morrison,1989
People and places,On the Road Again,Willie Nelson,1980
People and places,Cars,Gary Numan,1979
People and places,A Few Words in Defense of Our Country,Randy Newman,2008
People and places,Baltimore,Randy Newman,1977
People and places,I Love LA,Randy Newman,1983
People and places,I Guess the Lord Must Be in New York City,Nilsson,1969
People and places,Blue Bayou,Roy Orbison,1963
People and places,Domino,Roy Orbison,1956
People and places,Bruton Town,Pentangle,1968
People and places,King’s Cross,Pet Shop Boys,1987
People and places,West End Girls,Pet Shop Boys,1985
People and places,Mustang Sally,Wilson Pickett,1966
People and places,Shine on You Crazy Diamond,Pink Floyd,1975
People and places,Dirty Old Town,The Pogues,1985
People and places,Rainy Night in Soho,The Pogues,1985
People and places,Heartbreak Hotel,Elvis Presley,1956
People and places,Somewhere,PJ Proby,1964
People and places,Common People,Pulp,1995
People and places,"Bright Lights, Big City",Jimmy Reed,1961
People and places,Berlin,Lou Reed,1973
People and places,Roadrunner,Jonathan Richman and the Modern Lovers,1972
People and places,Harper Valley PTA,Jeannie C Riley ,1968
People and places,T for Texas,Jimmie Rodgers,1928
People and places,Moonlight Mile,The Rolling Stones,1971
People and places,Ruby Tuesday,The Rolling Stones,1967
People and places,Jenny Take a Ride ,Mitch Ryder and the Detroit Wheels,1965
People and places,Chancery Lane,Bim Sherman,1978
People and places,Graceland,Paul Simon,1986
People and places,The Late Great Johnny Ace,Paul Simon,1983
People and places,Homeward Bound,Simon and Garfunkel,1966
People and places,Mrs Robinson,Simon and Garfunkel,1968
People and places,"New York, New York",Frank Sinatra,1980
People and places,Jackson,Nancy Sinatra and Lee Hazlewood,1967
People and places,Born to Run,Bruce Springsteen,1975
People and places,Up the Junction,Squeeze,1979
People and places,Rank Stranger,The Stanley Brothers,1950
People and places,Born to Be Wild,Steppenwolf,1968
People and places,The Boys Are Back in Town,Thin Lizzy,1976
People and places,54-46 (That’s My Number),Toots and the Maytals,1968
People and places,Snowin’ on Raton,Townes Van Zandt,1987
People and places,My Perfect Cousin,The Undertones,1980
People and places,In the Neighbourhood,Tom Waits,1983
People and places,"Johnsburg, Illinois",Tom Waits,1983
People and places,Do You Know the Way to San José,Dionne Warwick,1968
People and places,Wild Wood,Paul Weller,1993
People and places,Living for the City,Stevie Wonder,1973
People and places,Master Blaster (Jammin),Stevie Wonder,1980
Sex,Try Again,Aaliyah,2000
Sex,Gimme! Gimme! Gimme! (A Man After Midnight),Abba,1979
Sex,You Shook Me All Night Long,AC/DC,1980
Sex,Love in an Elevator,Aerosmith,1989
Sex,Smile,Lily Allen,2006
Sex,When The Sun Goes Down,Arctic Monkeys,2006
Sex,Come Again,Au Pairs,1981
Sex,Another Girl,The Beatles,1965
Sex,Norwegian Wood (This  Bird Has Flown),The Beatles,1965
Sex,My Ding-a-Ling,Chuck Berry,1972
Sex,Kangaroo,Big Star,1978
Sex,Je T’Aime ... Moi Non Plus,Jane Birkin and Serge Gainsbourg,1969
Sex,Girls and Boys,Blur,1994
Sex,Tent,Bonzo Dog Doo-Dah Band,1969
Sex,Cruisin’ the Streets,Boys Town Gang,1981
Sex,Get Up (I Feel Like Being a) Sex Machine,James Brown,1970
Sex,Get On Top,Tim Buckley,1972
Sex,Orgasm Addict,Buzzcocks,1977
Sex,Triad,The Byrds,1968
Sex,High Fidelity ,Elvis Costello and the Attractions,1980
Sex,I Want You,Elvis Costello and the Attractions,1986
Sex,Let’s Make Love and Listen to Death from Above,CSS,2006
Sex,Brown Sugar,D’Angelo,1995
Sex,Say My Name,Destiny’s Child,1999
Sex,Come On Eileen,Dexys Midnight Runners,1982
Sex,I Touch Myself,Divinyls,1991
Sex,Wake Up and Make Love With Me,Ian Dury and the Blockheads,1977
Sex,I Want You,Bob Dylan,1966
Sex,Lay Lady Lay,Bob Dylan,1969
Sex,Lyin’ Eyes,The Eagles,1975
Sex,Stutter,Elastica,1993
Sex,Vaseline,Elastica,1995
Sex,Who’s That Girl?,Eurythmics,1983
Sex,Stay With Me,The Faces,1971
Sex,Passion,The Flirts,1982
Sex,Relax,Frankie Goes to Hollywood,1983
Sex,Sledgehammer,Peter Gabriel,1986
Sex,Let’s Get It On,Marvin Gaye,1973
Sex,Sexual Healing,Marvin Gaye,1982
Sex,Fancy,Bobbie Gentry,1969
Sex,No Pussy Blues,Grinderman,2007
Sex,Bob’s Yer Uncle,Happy Mondays,1990
Sex,The Man That I Am With My Man,The Hidden Cameras,2003
Sex,You Sexy Thing,Hot Chocolate,1975
Sex,Saving All My Love for You,Whitney Houston,1985
Sex,Between the Sheets,The Isley Brothers,1983
Sex,Summer (The First Time),Millie Jackson,1974
Sex,Fujiyama Mama,Wanda Jackson,1957
Sex,I Just Want to Make Love to You,Etta James,1961
Sex,Super Freak,Rick James,1981
Sex,Crimson and Clover,Tommy James and the Shondells,1968
Sex,Pull Up to the Bumper,Grace Jones,1981
Sex,Milkshake,Kelis,2003
Sex,Ignition (Remix),R Kelly,2003
Sex,Khia,"My Neck, My Back (Lick It)",2002
Sex,I Feel the Earth Move,Carole King,1971
Sex,Sex On Fire,Kings of Leon,2008
Sex,Black Diamond,Kiss,1974
Sex,Lady Marmalade,Labelle,1974
Sex,Telephone Love,JC Lodge,1988
Sex,Help Me Make It Through the Night,Kris Kristofferson,1970
Sex,Whole Lotta Love,Led Zeppelin,1969
Sex,Whole Lotta Shakin’ Goin’ On,Jerry Lee Lewis,1957
Sex,French Kiss,Lil’ Louis,1989
Sex,Tutti Frutti,Little Richard,1955
Sex,Darling Be Home Soon,The Lovin’ Spoonful,1967
Party songs,Din Daa Daa,George Kranz,1984
Sex,You Ain’t Woman Enough,Loretta Lynn,1966
Sex,"Don’t Come the Cowboy With Me, Sonny Jim!",Kirsty MacColl,1989
Sex,Justify My Love,Madonna,1990
Sex,Electric Feel,MGMT,2008
Sex,I Want Your Sex,George Michael,1987
Sex,Fastlove,George Michael,1996
Sex,One Minute Man,Missy Elliott,2001
Sex,Work It,Missy Elliott,2002
Sex,A Case of You,Joni Mitchell,1971
Sex,Heads High,Mr Vegas,1998
Sex,OPP,Naughty by Nature,1991
Sex,If That’s Your Boyfriend (He Wasn’t Last Night),Me’Shell Ndegeocello,1993
Sex,You Can Leave Your Hat On,Randy Newman,1972
Sex,Bizarre Love Triangle,New Order,1986
Sex,Closer,Nine Inch Nails,1994
Sex,Warm Leatherette,The Normal,1978
Sex,I Want My Cock,Owen and Leon,1965
Sex,"I’m Gonna Love You Just a Little More, Baby",Kellee Patterson,1976
Sex,Me and Mrs Jones,Billy Paul,1972
Sex,Fuck the Pain Away,Peaches,2000
Sex,Gigantic,Pixies,1988
Sex,Roxanne,The Police,1978
Sex,If I Was Your Girlfriend,Prince,1987
Sex,Little Red Corvette,Prince,1983
Sex,Darling Nikki,Prince and the Revolution,1984
Sex,Kiss,Prince and the Revolution,1986
Sex,Baby Wants to Ride,Jamie Principle,1987
Sex,Babies,Pulp,1992
Sex,Do You Remember the First Time?,Pulp,1994
Sex,Sheffield: Sex City,Pulp,1992
Sex,(Love Is Like a) Heat Wave,Martha and the Vandellas,1963
Sex,Nude Photo,Rhythim Is Rhythim,1987
Sex,Inside My Love,Minnie Riperton,1975
Sex,Honky Tonk Women,The Rolling Stones,1969
Sex,Let’s Spend the Night Together,The Rolling Stones,1967
Sex,Wet Dream,Max Romeo,1968
Sex,Love Child,Diana Ross and the Supremes,1968
Sex,In Every Dream Home a Heartache,Roxy Music,1973
Sex,"Hold On, I’m Comin’",Sam and Dave,1966
Sex,Give Him a Great Big Kiss,Shangri-Las,1965
Sex,Some Velvet Morning,Nancy Sinatra and Lee Hazlewood,1967
Sex,Rene,Small Faces,1968
Sex,Reel Around the Fountain,The Smiths,1984
Sex,Empty Bed Blues,Bessie Smith,1928
Sex,Between the Bars,Elliott Smith,1997
Sex,Wreck a Buddy,Soul Sisters,1969
Sex,… Baby One More Time,Britney Spears,1998
Sex,I’m On Fire,Bruce Springsteen,1985
Sex,Da Ya Think I’m Sexy,Rod Stewart,1978
Sex,I Wanna Be Your Dog,The Stooges,1969
Sex,Guilty,Barbra Streisand and Barry Gibb,1981
Sex,Animal Nitrate,Suede,1993
Sex,The Drowners,Suede,1992
Sex,Love to Love You Baby,Donna Summer,1975
Sex,Wild Thing,Tone Loc,1989
Sex,Get It On,T Rex,1971
Sex,Wild Thing,The Troggs,1966
Sex,Red Light Special,TLC,1994
Sex,"Shake, Rattle and Roll",Big Joe Turner,1954
Sex,Oops (Oh My),Tweet,2002
Sex,Desire,U2,1988
Sex,Turning Japanese,The Vapors,1980
Sex,Venus in Furs,The Velvet Underground,1967
Sex,Pictures of Lily,The Who,1967
Politics and protest,Me and Giuliani Down By the Schoolyard (A True Story),!!!,2003
Politics and protest,Another World,Antony and the Johnsons,2008
Politics and protest,Windowsill,Arcade Fire,2007
Politics and protest,(What Did I Do To Be So) Black And Blue,Louis Armstrong,1929
Politics and protest,Stand Up for Judas,Roy Bailey,1979
Politics and protest,A Day in the Life of a Tree,The Beach Boys,1971
Politics and protest,I Was Born This Way,Carl Bean,1977
Politics and protest,Stand Down Margaret,The Beat,1980
Politics and protest,I Am the Walrus,The Beatles,1967
Politics and protest,Revolution,The Beatles,1968
Politics and protest,War Pigs,Black Sabbath,1971
Politics and protest,Melting Point,Blue Mink,1969
Politics and protest,Cop Killer,Body Count,1992
Politics and protest,And the Band Played Waltzing Matilda,Eric Bogle,1971
Politics and protest,Stop the Violence,Boogie Down Productions,1988
Politics and protest,When the President Talks to God,Bright Eyes,2005
Politics and protest,Smalltown Boy,Bronski Beat,1984
Politics and protest,Between the Wars,Billy Bragg,1985
Politics and protest,Say It Loud – I’m Black and I’m Proud,James Brown,1968
Politics and protest,Slavery Days,Burning Spear,1975
Politics and protest,Army Dreamers,Kate Bush,1980
Politics and protest,The Sun Is Burning,Ian Campbell Folk Group,1964
Politics and protest,Company Policy,Martin Carthy,1988
Politics and protest,Rainin’ in Paradize,Manu Chao,2007
Politics and protest,Straight to Hell,The Clash,1982
Politics and protest,White Riot,The Clash,1977
Politics and protest,Running the World,Jarvis Cocker,2006
Politics and protest,Alabama,John Coltrane,1963
Politics and protest,A Change Is Gonna Come,Sam Cooke,1964
Politics and protest,All the Blowing-Themselves-Up Motherfuckers (Will Realise the Minute They Die That They Were Suckers),Julian Cope,2008
Politics and protest,Tramp the Dirt Down,Elvis Costello,1989
Politics and protest,Brother Can You Spare a Dime?,Bing Crosby,1932
Politics and protest,Ohio,"Crosby, Stills, Nash and Young",1970
Politics and protest,Thou Shalt Always Kill,Dan Le Sac vs Scroobius Pip,2007
Politics and protest,California Über Alles,Dead Kennedys,1979
Politics and protest,16 Military Wives,The Decemberists,2005
Politics and protest,Television: The Drug of the Nation,The Disposable Heroes of Hiphoprisy,1991
Politics and protest,Not Ready to Make Nice,Dixie Chicks,2006
Politics and protest,Hurricane,Bob Dylan,1975
Politics and protest,Maggie’s Farm,Bob Dylan,1965
Politics and protest,Masters of War,Bob Dylan,1963
Politics and protest,The Times They Are a-Changin’,Bob Dylan,1964
Politics and protest,When the Ship Comes In,Bob Dylan,1964
Politics and protest,John Walker’s Blues,Steve Earle,2002
Politics and protest,Role Model,Eminem,1999
Politics and protest,We Care a Lot,Faith No More,1985
Politics and protest,Two Tribes,Frankie Goes To Hollywood,1984
Politics and protest,Respect,Aretha Franklin,1967
Politics and protest,I Fought the Law,Bobby Fuller Four,1965
Politics and protest,Víctor Jara of Chile,Dick Gaughan,1985
Politics and protest,Mercy Mercy Me (The Ecology),Marvin Gaye,1971
Politics and protest,What’s Going On?,Marvin Gaye,1971
Politics and protest,The Message,Grandmaster Flash and the Furious Five,1982
Politics and protest,Just Say No,Cast of Grange Hill,1986
Politics and protest,American Idiot,Green Day,2004
Politics and protest,This Land Is Your Land,Woody Guthrie,1944
Politics and protest,Okie from Muskogee,Merle Haggard,1969
Politics and protest,On the Blanket,Mick Hanly with Christy Moore,1980
Politics and protest,19,Paul Hardcastle,1985
Politics and protest,The Star-Spangled Banner,Jimi Hendrix,1969
Politics and protest,(We Don’t Need) This Fascist Groove Thang,Heaven 17,1981
Politics and protest,Strange Fruit,Billie Holliday,1939
Politics and protest,Check Out Your Mind,The Impressions,1970
Politics and protest,People Get Ready,The Impressions,1965
Politics and protest,The Eton Rifles,The Jam,1979
Politics and protest,Going Underground,The Jam,1980
Politics and protest,The “Fish” Cheer/I-Feel-Like-I’m-Fixin’-to-Die Rag,Country Joe and the Fish,1967
Politics and protest,The Village Green Preservation Society,The Kinks,1968
Politics and protest,Zombie,Fela Kuti,1977
Politics and protest,The Proud,Talib Kweli,2002
Politics and protest,The Bourgeois Blues,Leadbelly,1938
Politics and protest,Give Peace a Chance,John Lennon,1969
Politics and protest,The Ballad of Sharpeville,Ewan MacColl,1960
Politics and protest,Eve of Destruction,Barry McGuire,1965
Politics and protest,Material Girl,Madonna,1985
Politics and protest,Suicide Is Painless (Theme from M*A*S*H),Johnny Mandel,1970
Politics and protest,Redemption Song,Bob Marley,1980
Politics and protest,Zimbabwe,Bob Marley and the Wailers,1979
Politics and protest,Kick Out the Jams,MC5,1968
Politics and protest,Big Yellow Taxi,Joni Mitchell,1970
Politics and protest,Trouble Every Day,The Mothers of Invention,1966
Politics and protest,Police and Thieves,Junior Murvin,1976
Politics and protest,Short People,Randy Newman,1977
Politics and protest,Fuck tha Police,NWA,1988
Politics and protest,I Ain’t Marching Anymore,Phil Ochs,1965
Politics and protest,Monkey Gone to Heaven,Pixies,1989
Politics and protest,Streets of Sorrow/Birmingham Six,The Pogues,1988
Politics and protest,In the Ghetto,Elvis Presley,1969
Politics and protest,Come Together,Primal Scream,1990
Politics and protest,Sign o’ the Times,Prince,1987
Politics and protest,Sam Stone,John Prine,1971
Politics and protest,Bring the Noise,Public Enemy,1987
Politics and protest,Fight the Power,Public Enemy,1989
Politics and protest,Killing in the Name,Rage Against the Machine,1992
Politics and protest,How Can a Poor Man Stand Such Times and Live?,Blind Alfred Reed,1929
Politics and protest,Fall On Me ,REM,1986
Politics and protest,Glad to Be Gay,Tom Robinson,1978
Politics and protest,Street Fighting Man,The Rolling Stones,1968
Politics and protest,I’m Coming Out,Diana Ross,1980
Politics and protest,Now That The Buffalo's Gone,Buffy Sainte-Marie,1964
Politics and protest,Days of Fire,Nitin Sawhney,2008
Politics and protest,Whitey On the Moon,Gil Scott-Heron,1970
Politics and protest,We Shall Overcome,Pete Seeger,1963
Politics and protest,I’m Gonna Be an Engineer,Peggy Seeger,1973
Politics and protest,Anarchy in the UK,Sex Pistols,1976
Politics and protest,God Save the Queen,Sex Pistols,1977
Politics and protest,If the Kids Are United,Sham 69,1977
Politics and protest,The Internationale,Sheffield Socialist Choir,1992
Politics and protest,"To Be Young, Gifted and Black",Nina Simone,1970
Politics and protest,"Don’t Call Me Nigger, Whitey",Sly and the Family Stone,1969
Politics and protest,Swimsuit Issue,Sonic Youth,1992
Politics and protest,Revolution,Spacemen 3,1989
Politics and protest,Ghost Town,The Specials,1981
Politics and protest,Free Nelson Mandela,The Special AKA,1984
Politics and protest,American Skin (41 Shots),Bruce Springsteen and the E Street Band,2000
Politics and protest,Born in the USA,Bruce Springsteen,1984
Politics and protest,War,Edwin Starr,1970
Politics and protest,Monster,Steppenwolf,1969
Politics and protest,Suspect Device,Stiff Little Fingers,1978
Politics and protest,The Man Don’t Give a Fuck,Super Furry Animals,1996
Politics and protest,Long Walk to DC,The Staple Singers,1968
Politics and protest,Peace Train,Cat Stevens,1971
Politics and protest,The Killing of Georgie (Part I and II),Rod Stewart,1976
Politics and protest,BYOB,System Of A Down,2005
Politics and protest,Dad’s Gonna Kill Me,Richard Thompson,2007
Politics and protest,Legalize It,Peter Tosh,1976
Politics and protest,Keep Ya Head Up,Tupac,1993
Politics and protest,Sunday Bloody Sunday,U2,1983
Politics and protest,We Are the World,USA for Africa,1985
Politics and protest,"Get Up, Stand Up",The Wailers,1973
Politics and protest,The Day After Tomorrow,Tom Waits,2004
Politics and protest,The Old Man’s Back Again (Dedicated to the Neo-Stalinist Regime),Scott Walker,1969
Politics and protest,Wham Rap! (Enjoy What You Do),Wham!,1982
Politics and protest,My Generation,The Who,1965
Politics and protest,You Haven’t Done Nothin’,Stevie Wonder,1974
Politics and protest,The Cottager’s Reply,Chris Wood,2008
Politics and protest,Asbestos Lead Asbestos,World Domination Enterprises,1985
Politics and protest,Shipbuilding,Robert Wyatt,1982
Politics and protest,Harrowdown Hill,Thom Yorke,2006
Politics and protest,Rockin’ in the Free World,Neil Young,1989
Politics and protest,Southern Man,Neil Young,1970
Life and death,Satta Massagana,Abyssinians,1971
Life and death,Dream On,Aerosmith,1973
Life and death,Fluorescent Adolescent,Arctic Monkeys,2007
Life and death,St James Infirmary Blues,Louis Armstrong,1928
Life and death,What a Wonderful World,Louis Armstrong,1968
Life and death,In My Room,The Beach Boys,1963
Life and death,Yer Blues,The Beatles,1968
Life and death,Yesterday,The Beatles,1965
Life and death,Chris Bell,Look Up,1974
Life and death,Paranoid,Black Sabbath,1970
Life and death,Happiness,The Blue Nile,1996
Life and death,Blue Öyster Cult,(Don’t Fear) The Reaper,1976
Life and death,This Is a Low,Blur,1994
Life and death,Kooks,David Bowie,1971
Life and death,Never Get Old,David Bowie,2003
Life and death,Bertie,Kate Bush,2005
Life and death,Goin’ Back,The Byrds,1968
Life and death,Work,John Cale and Lou Reed,1990
Life and death,Will the Circle Be Unbroken (By and By),The Carter Family,1935
Life and death,The Mercy Seat,Nick Cave and the Bad Seeds,1988
Life and death,I’m On My Way to a Better Place,Chairmen of the Board,1972
Life and death,Cher,If I Could Turn Back Time,1989
Life and death,C’mon Everybody,Eddie Cochran,1958
Life and death,My Favorite Things,John Coltrane Quartet,1961
Life and death,School’s Out,Alice Cooper,1972
Life and death,Fisherman,The Congos,1977
Life and death,My Three Sons,Elvis Costello and the Imposters,2008
Life and death,"Annie, I’m Not Your Daddy",Kid Creole and the Coconuts,1982
Life and death,King Creosote,My Favourite Girl,2005
Life and death,That’ll Be the Day,The Crickets,1957
Life and death,Killing an Arab,The Cure,1978
Life and death,Personal Jesus,Depeche Mode,1989
Life and death,Fat As a Fiddle,Chris Difford,2008
Life and death,Teen Angel,Mark Dinning,1959
Life and death,Sunshine Superman,Donovan,1966
Life and death,Working in a Coal Mine,Lee Dorsey,1966
Life and death,Black Eyed Dog,Nick Drake,1986
Life and death,Not On Top,Herman Düne,2005
Life and death,Death Is Not the End,Bob Dylan,1988
Life and death,Every Grain of Sand,Bob Dylan,1981
Life and death,Forever Young,Bob Dylan,1974
Life and death,Knockin’ On Heaven’s Door,Bob Dylan,1973
Life and death,The Lonesome Death of Hattie Carroll,Bob Dylan,1964
Life and death,Lonelier Than This,Steve Earle,2000
Life and death,Ebony Eyes,The Everly Brothers,1961
Life and death,Summertime,Ella Fitzgerald,1959
Life and death,Regulate,Warren G and Nate Dogg,1994
Life and death,Save the Children,Marvin Gaye,1971
Life and death,"Glory Hallelujah, How They’ll Sing",Bobbie Gentry,1969
Life and death,Mind Playing Tricks On Me,Geto Boys,1991
Life and death,So Nice (Summer Samba),Astrud Gilberto,1966
Life and death,Tired of Being Alone,Al Green,1971
Life and death,Spirit in the Sky,Norman Greenbaum,1969
Life and death,Workin’ Man’s Blues,Merle Haggard,1969
Life and death,All Things Must Pass,George Harrison,1970
Life and death,I Hear Voices,Screamin’ Jay Hawkins,1962
Life and death,Hey Joe,The Jimi Hendrix Experience,1966
Life and death,Stuck Between Stations,The Hold Steady,2006
Life and death,Gloomy Sunday,Billie Holiday,1941
Life and death,These Important Years,Hüsker Dü,1987
Life and death,Dead Homiez,Ice Cube,1990
Life and death,Good Life,Inner City,1988
Life and death,Iron Maiden,The Number of the Beast,1982
Life and death,Seasons in the Sun,Terry Jacks,1974
Life and death,Bert Jansch,Needle of Death,1965
Life and death,Gun Shot,Anthony Johnson,1982
Life and death,Losing My Edge,LCD Soundsystem,2002
Life and death,Someone Great,LCD Soundsystem,2007
Life and death,Gallows Pole,Led Zeppelin,1970
Life and death,God,John Lennon,1970
Life and death,Here I Come,Barrington Levy,1985
Life and death,Knoxville Girl,The Louvin Brothers,1959
Life and death,Alone Again Or,Love,1967
Life and death,Madness,Baggy Trousers,1980
Life and death,La Tristesse Durera (Scream to a Sigh),Manic Street Preachers,1993
Life and death,May You Never,John Martyn,1973
Life and death,Safe from Harm,Massive Attack,1991
Life and death,Fade to Black,Metallica,1984
Life and death,Life’s a Bitch,Nas,1994
Life and death,Feel It (In the Air Tonight),Naturally 7,2006
Life and death,God’s Song (That’s Why I Love Mankind),Randy Newman,1972
Life and death,Lithium,Nirvana,1991
Life and death,Mo Money Mo Problems,The Notorious BIG,1997
Life and death,Suicidal Thoughts,The Notorious BIG,1994
Life and death,Alone Again (Naturally),Gilbert O’Sullivan,1972
Life and death,Oasis,Live Forever,1994
Life and death,Satan,Orbital,1991
Life and death,Ms Jackson,OutKast,2000
Life and death,9 to 5,Dolly Parton,1980
Life and death,"Another Brick in the Wall, Part II",Pink Floyd,1979
Life and death,Message in a Bottle,The Police,1979
Life and death,Glory Box,Portishead,1994
Life and death,Sour Times,Portishead,1994
Life and death,Stagger Lee,Lloyd Price,1958
Life and death,Paranoid Android,Radiohead,1997
Life and death,(Sittin’ On) The Dock of the Bay,Otis Redding,1968
Life and death,Paint it Black,The Rolling Stones,1966
Life and death,I Seen a Man Die,Scarface,1994
Life and death,Me and Julio Down By the Schoolyard,Paul Simon,1972
Life and death,Feeling Good,Nina Simone,1965
Life and death,It Was a Very Good Year,Frank Sinatra,1965
Life and death,Piss Factory,Patti Smith,1974
Life and death,Dress Sexy at My Funeral,Smog,2000
Life and death,100%,Sonic Youth,1992
Life and death,No Surrender,Bruce Springsteen,1984
Life and death,O Death,Ralph Stanley,2000
Life and death,Once in a Lifetime,Talking Heads,1980
Life and death,Psycho Killer,Talking Heads,1977
Life and death,This Is the Day,The The,1983
Life and death,Wish Someone Would Care,Irma Thomas,1964
Life and death,The End of the Rainbow,Richard and Linda Thompson,1974
Life and death,I Ain’t Mad at Cha,Tupac,1996
Life and death,Hail Mary,Tupac - as Makaveli,1997
Life and death,Exit,U2,1987
Life and death,One,U2,1992
Life and death,Walk Like a Man,Frankie Valli and the Four Seasons,1963
Life and death,Jesus,The Velvet Underground,1969
Life and death,Rufus Is a Tit Man,Loudon Wainwright III,1975
Life and death,Martha,Tom Waits,1973
Life and death,You in the Sky,The Waterboys,2006
Life and death,Frankie and Johnny,Mae West,1928
Life and death,23 Years Ago,Paul Westerberg,2004
Life and death,Grandma’s Hands,Bill Withers,1971
Life and death,My Death,Scott Walker,1967
Life and death,Moon On Your Pyjamas,Paul Weller,1993
Life and death,I’m So Lonesome I Could Cry,Hank Williams,1949
Life and death,My Son Calls Another Man Daddy,Hank Williams,1950
Life and death,Don’t You Worry ‘Bout a Thing,Stevie Wonder,1973
Life and death,Germ Free Adolescents,X-Ray Spex,1978
Life and death,Neil Young,Old Man,1972
Life and death,Warren Zevon,Keep Me in Your Heart,2003
Party songs,Pacific State,808 State,1989
Party songs,Dancing Queen,Abba,1976
Party songs,Back in Black,AC/DC,1980
Party songs,Because I Got High,Afroman,2001
Party songs,Uptown Top Ranking,Althea and Donna,1977
Party songs,Windowlicker,Aphex Twin,1999
Party songs,I Bet You Look Good On the Dancefloor,Arctic Monkeys,2005
Party songs,Re-Rewind,The Artful Dodger featuring Craig David,1999
Party songs,Bourgie Bourgie ,Ashford and Simpson,1979
Party songs,9pm (Till I Come),ATB,1999
Party songs,Love Shack,The B-52’s,1989
Party songs,"Yes Sir, I Can Boogie",Baccara,1977
Party songs,(You Gotta) Fight for Your Right (To Party),Beastie Boys,1987
Party songs,Night Fever,Bee Gees,1978
Party songs,Tighten Up,Archie Bell and the Drells,1968
Party songs,Night,Benga and Coki,2007
Party songs,Big Time Sensuality,Björk,1993
Party songs,Let’s Start II Dance Again,Hamilton Bohannon,1981
Party songs,Let’s Dance,David Bowie,1983
Party songs,Self Control,Laura Branigan,1984
Party songs,Hang On in There Baby,Johnny Bristol,1974
Party songs,"Land of 1,000 Dances",Cannibal and the Headhunters,1965
Party songs,Love Will Keep Us Together,Captain and Tennille ,1975
Party songs,Flashdance,Irene Cara,1983
Party songs,Cocaine Blues,Johnny Cash,1968
Party songs,Shake Your Tailfeather,Ray Charles,1980
Party songs,Le Freak,Chic,1978
Party songs,Weekend,Class Action,1981
Party songs,Machine Gun,Commodores,1974
Party songs,Sweet Soul Music,Arthur Conley,1967
Party songs,Brimful of Asha,Cornershop,1997
Party songs,Drug Train,The Cramps,1980
Party songs,Somebody Oughta Turn Your Head Around,Crystal Mansion,1972
Party songs,Da Funk,Daft Punk,1995
Party songs,Gabriel,Roy Davis Jr,1998
Party songs,Groove Is in the Heart,Deee-Lite,1990
Party songs,Just Can’t Get Enough,Depeche Mode,1981
Party songs,Whip It,Devo,1980
Party songs,Soul Makossa,Manu Dibango,1972
Party songs,Cokane in My Brain,Dillinger,1976
Party songs,Long Train Runnin’,Doobie Brothers,1973
Party songs,Hit Me With Your Rhythm Stick,Ian Dury and the Blockheads,1978
Party songs,Boogie Wonderland,"Earth, Wind and Fire",1979
Party songs,Talking With Myself,Electribe 101,1988
Party songs,Livin’ Thing,Electric Light Orchestra,1976
Party songs,The Clapping Song,Shirley Ellis,1965
Party songs,Be Faithful,Fatman Scoop featuring the Crooklyn Clan,1999
Party songs,Doctor Love,First Choice,1977
Party songs,The Gnu,Flanders and Swann,1959
Party songs,Think About It (What Is Wrong With the World Today),Flight of the Conchords,2008
Party songs,One Nation Under a Groove,Funkadelic,1978
Party songs,Biology,Girls Aloud,2005
Party songs,Dare,Gorillaz,2005
Party songs,All I Want for Christmas Is a Dukla Prague Away Kit,Half Man Half Biscuit,1986
Party songs,Rokit,Herbie Hancock,1983
Party songs,WFL (Think About the Future) ,Happy Mondays,1989
Party songs,Back to My Roots,Richie Havens,1981
Party songs,Over and Over,Hot Chip,2006
Party songs,Jump Around,House of Pain,1992
Party songs,Last Night a DJ Saved My Life,Indeep,1982
Party songs,Don’t Stop ’Til You Get Enough,Michael Jackson,1979
Party songs,Off the Wall,Michael Jackson,1979
Party songs,I Love Rock’n’Roll,Joan Jett and the Blackhearts,1982
Party songs,Nightclubbing,Grace Jones,1981
Party songs,Williams Blood (Aeroplane remix),Grace Jones,2008
Party songs,Cocktails for Two,Spike Jones and His City Slickers,1944
Party songs,Transmission,Joy Division,1979
Party songs,We Are Your Friends,Justice v Simian,2002
Party songs,Silly Games ,Janet Kay,1979
Party songs,Louie Louie,The Kingsmen,1963
Party songs,Golden Skans,Klaxons,2007
Party songs,My Sharona,The Knack,1979
Party songs,Numbers/Computer World 2,Kraftwerk,1981
Party songs,Upside Down,Fela Kuti,1976
Party songs,Jimmy Jimmy Aaja,Bappi Lahiri/Parvati Khan,1982
Party songs,Girls Just Want to Have Fun,Cyndi Lauper,1983
Party songs,Pow! (Forward),Lethal Bizzle,2004
Party songs,LFO,LFO,1990
Party songs,Can’t Stand Me Now,The Libertines,2004
Party songs,Is It All Over My Face,Loose Joints,1980
Party songs,Love Loves to Love Love,Lulu,1967
Party songs,Pop Muzik,M,1979
Party songs,Cross the Tracks (We Better Go Back),Maceo and the Macks,1975
Party songs,There But for the Grace of God,Machine,1979
Party songs,Beautiful Stranger,Madonna,1999
Party songs,Everybody,Madonna,1982
Party songs,Holiday,Madonna,1983
Party songs,Rock Your Baby,George McCrae,1974
Party songs,Buffalo Gals,Malcolm McLaren,1983
Party songs,Move On Up,Curtis Mayfield,1970
Party songs,White Lines (Don’t Do It),Grandmaster Melle Mel,1983
Party songs,Kids,MGMT,2008
Party songs,Paper Planes (DFA remix),MIA,2008
Party songs,4 My People,Missy Elliott,2001
Party songs,Bedazzled,Dudley Moore and Peter Cook,1967
Party songs,Hot in Herre,Nelly,2002
Party songs,True Faith,New Order,1987
Party songs,Short People,Randy Newman,1977
Party songs,I’m in the Mood for Dancing,The Nolans,1979
Party songs,Cigarettes and Alcohol,Oasis,1994
Party songs,Got Your Money,Ol’ Dirty Bastard,1999
Party songs,Hey Ya!,OutKast,2003
Party songs,Acid Tracks,Phuture,1987
Party songs,Papa’s Got a Brand New Pigbag,Pigbag,1981
Party songs,Stop Bajon (Primavera),Tullio De Piscopo,1984
Party songs,Witness the Pitness,Pitman,2002
Party songs,Streams of Whiskey,The Pogues,1984
Party songs,Jump (For My Love),The Pointer Sisters,1984
Party songs,Brass in Pocket,The Pretenders,1979
Party songs,Loaded,Primal Scream,1991
Party songs,1999,Prince,1983
Party songs,Let’s Go Crazy,Prince,1984
Party songs,Out of Space,The Prodigy,1992
Party songs,Hit the Bongo,Tito Puente,1968
Party songs,Sorted for Es and Wizz,Pulp,1995
Party songs,Now I’m Here,Queen,1974
Party songs,Feel Good Hit of the Summer,Queens of the Stone Age,2000
Party songs,House of Jealous Lovers,The Rapture,2002
Party songs,All Night Long (All Night),Lionel Richie,1983
Party songs,Someday,Ce Ce Rogers,1987
Party songs,Witness (1 Hope),Roots Manuva,2001
Party songs,Virginia Plain,Roxy Music,1972
Party songs,Car Wash,Rose Royce,1976
Party songs,Once You Get Started,Rufus featuring Chaka Khan,1974
Party songs,Baby Let’s Dance Together,Sapan Chakraborty,1978
Party songs,Runaway,Salsoul Orchestra,1977
Party songs,The Bottle,Gil Scott-Heron,1974
Party songs,Happy,Max Sedgley,2003
Party songs,On My Radio,Selector,1979
Party songs,Let the Music Play,Shannon,1983
Party songs,Begin the Beguine,Artie Shaw,1938
Party songs,Dat,Pluto Shervington,1976
Party songs,Gin House Blues,Nina Simone,1975
Party songs,Lost in Music,Sister Sledge,1979
Party songs,He’s the Greatest Dancer,Sister Sledge,1979
Party songs,I Wish,Skee-Lo,1995
Party songs,Dance to the Music,Sly and the Family Stone,1968
Party songs,Nite Klub,The Specials,1979
Party songs,You Make Me Feel (Mighty Real),Sylvester,1978
Party songs,(Under Mi) Sleng Teng,Wayne Smith,1985
Party songs,How Soon Is Now?,The Smiths,1985
Party songs,Memorabilia,Soft Cell,1982
Party songs,Beat the Clock,Sparks,1979
Party songs,I’m a Man,The Spencer Davis Group,1967
Party songs,Young Hearts Run Free,Candi Staton,1976
Party songs,Sueño Latino,Sueño Latino,1989
Party songs,Saturday Nite Special,The Sundown Playboys,1972
Party songs,Wipe Out,The Surfaris,1962
Party songs,Rapper’s Delight,The Sugarhill Gang,1979
Party songs,Do What You Wanna Do,T-Connection,1977
Party songs,Shout,Tears for Fears,1984
Party songs,Cloud Nine,The Temptations,1968
Party songs,Great DJ,The Ting Tings,2008
Party songs,Disco Inferno,The Trammps,1976
Party songs,A Punk,Vampire Weekend,2008
Party songs,Me and Baby Brother,War,1973
Party songs,Break Dance – Electric Boogie,West Street Mob,1983
Party songs,My Generation,The Who,1965
Party songs,Last Night Changed It All,Esther Williams,1976
Party songs,(Your Love Keeps Lifting Me) Higher and Higher,Jackie Wilson,1967
Party songs,Turn Off the Lights,Larry Young,1975
