ARTIST,TITLE,YEAR,THEME,SPOTIFY_URL
ABC,The Look of Love,1982,Love,http://open.spotify.com/track/78j3qTBdzcIiT3eS7XymoD
Badly Drawn Boy,The Shining,2000,Love,http://open.spotify.com/track/2PojSoZ94AIzp7fsz6wtMt
The Beach Boys,God Only Knows,1966,Love,http://open.spotify.com/track/0ObrXLrfrqJUNc8RfmIBHP
The Beach Boys,Good Vibrations,1966,Love,http://open.spotify.com/track/2oF7FZHIJbzjeEXZ3D0Ku4
The Beach Boys,Wouldn’t It Be Nice,1966,Love,http://open.spotify.com/track/0cx32rX0uZvcJUP92Wkj2y
The Beatles,Eight Days a Week,1964,Love,-
The Beatles,Girl,1965,Love,-
The Beatles,I Want to Hold Your Hand,1963,Love,-
The Beatles,She Loves You,1963,Love,-
The Beatles,Something,1969,Love,-
The Beatles,With a Little Help from My Friends,1967,Love,-
The Beautiful South,Song for Whoever,1989,Love,http://open.spotify.com/track/7k00fu054zyIgHEpkq5rBL
The Bee Gees,How Deep is Your Love?,1977,Love,http://open.spotify.com/track/1gIKd24bixkgYzuxse32oR
Chuck Berry,Sweet Little Sixteen,1958,Love,http://open.spotify.com/track/1fDfWFb1YmdRWu5JZ9yANo
Beyoncé,Crazy in Love,2003,Love,http://open.spotify.com/track/5IVuqXILoxVWvWEPm82Jxr
Big Star,Thirteen,1972,Love,-
Bobby “Blue” Bland,I’ll Take Care of You,1959,Love,http://open.spotify.com/track/5vUitXO0fTxxS293NR51jA
David Bowie,Heroes,1977,Love,http://open.spotify.com/track/1qyRX6xXvsmbxR6FEnVSv2
David Bowie,The Wedding Song,1993,Love,http://open.spotify.com/track/0PUmT62MdJwmVf4sUjbHFW
Buffalo Springfield,Sit Down I Think I Love You,1966,Love,http://open.spotify.com/track/70dh9SQ7pcNLn7QE5dbIiX
Solomon Burke,Everybody Needs Somebody to Love,1964,Love,http://open.spotify.com/track/66GhKP6S6KqYMHR7xtGPoX
R D Burman,Mehbooba Mehbooba,1975,Love,-
Kate Bush,Hounds of Love,1985,Love,-
Kate Bush,The Man With the Child in His Eyes,1978,Love,http://open.spotify.com/track/4xjVfArXNQRxAvsUpjmfMt
Kate Bush,The Man I Love,1994,Love,-
Carlton and the Shoes,Love Me Forever,1968,Love,-
James Carr,The Dark End of the Street,1967,Love,-
Johnny Cash,I Walk the Line,1956,Love,http://open.spotify.com/track/7wJepIHVDC88KzSyzNU1mA
Nick Cave and the Bad Seeds,Deanna,1988,Love,http://open.spotify.com/track/0XWoG02DaQES7ATCrbjx8D
Ray Charles,I Got a Woman,1954,Love,http://open.spotify.com/track/2xar08Fq5xra2KKZs5Bw9j
The Chi-Lites,Stoned Out of My Mind,1973,Love,http://open.spotify.com/track/3R35ltXFfFzAk5cCAKgZF8
The Chi-Lites,That’s How Long,1974,Love,-
The Clash,Stay Free,1978,Love,-
Judy Clay and William Bell,Private Number,1968,Love,http://open.spotify.com/track/5AdCyD1APnK7Drt81MDciC
Coldplay,Yellow,2000,Love,http://open.spotify.com/track/3AJwUDP919kvQ9QcozQPxg
The Contours,Do You Love Me?,1962,Love,http://open.spotify.com/track/1nalk6Yqn0vRg8iiYlfeYd
Sam Cooke,Cupid,1961,Love,http://open.spotify.com/track/37ublgs2E1IIASg1it0v3t
Elvis Costello,I’m in the Mood Again,2003,Love,http://open.spotify.com/track/5HWC5PWLas7xQsjQPoeDpo
Elvis Costello and the Attractions,Jack of All Parades,1986,Love,-
The Crystals,Then He Kissed Me,1963,Love,http://open.spotify.com/track/6OoJfmP08PBCLic4JBztsJ
The Cure,Friday I’m in Love,1992,Love,http://open.spotify.com/track/6TaVUwd1GxmOcR337FZM75
Def Leppard,Pour Some Sugar on Me,1987,Love,-
Dion,Born to Be With You,1975,Love,-
Dion & the Belmonts,A Teenager in Love,1960,Love,http://open.spotify.com/track/17iHLt9yQLLeBN3g1woXzB
Fats Domino,Blueberry Hill,1956,Love,http://open.spotify.com/track/25CTJ7xIrrWTHNtA7mq8Y6
Bob Dylan,Girl from the North Country ,1963,Love,http://open.spotify.com/track/4OfkpX0bONH3eSHQilGDnA
Bob Dylan,Visions of Johanna,1966,Love,http://open.spotify.com/track/0D0fyyNszdh2FZeUoiHJx1
Bob Dylan,Wedding Song,1974,Love,http://open.spotify.com/track/6O5MMLdfCMSohn7uvSLXqS
Elbow,One Day Like This,2008,Love,http://open.spotify.com/track/6PS9nzG6GUSPbD2A1xGWbm
Bryan Ferry,Let’s Stick Together,1976,Love,http://open.spotify.com/track/47KlEDyoBmF5ulJu6qmcHo
Ella Fitzgerald,Ev’ry Time We Say Goodbye,1956,Love,http://open.spotify.com/track/50KK7LxalUrWPtZxlhBJhn
Roberta Flack,Killing Me Softly With His Song,1973,Love,http://open.spotify.com/track/60SJRvzXJnVeVfS4RiH14u
Aretha Franklin,I Never Loved a Man (The Way I Love You),1967,Love,http://open.spotify.com/track/0FE39WU0AcIcXdkMK0fxkr
Aretha Franklin,I Say A Little Prayer,1968,Love,http://open.spotify.com/track/6bBwFPgVdWxuc4uWEyALCa
Frankie Goes to Hollywood,The Power of Love,1984,Love,http://open.spotify.com/track/2CUoxqW5bw2WOZPExmFvk1
Patsy Gallant,It’ll All Come Around,1978,Love,-
Judy Garland,Zing! Went the Strings of My Heart,1939,Love,http://open.spotify.com/track/2vIuGZHuGRqcydnsVFC7Vp
Marvin Gaye And Tammi Terrell,Ain’t No Mountain High Enough,1967,Love,http://open.spotify.com/track/77g8V7P1MkfiPXe8Rkxm7y
Marvin Gaye And Tammi Terrell,You’re All I Need to Get By,1968,Love,http://open.spotify.com/track/6L7r59rN9s4mBSxZDiElTp
Steve Goodman,The Dutchman,1973,Love,http://open.spotify.com/track/7gSXNrDpUr5mMDThxS6Y6i
Al Green,Let’s Get Married,1974,Love,-
Al Green,Let’s Stay Together,1971,Love,http://open.spotify.com/track/1r5ix6rRcET3TUdnDSZ9Oo
Al Green,Love and Happiness,1972,Love,-
Guns N’ Roses,Sweet Child O’ Mine,1987,Love,http://open.spotify.com/track/5HzLcjDzlykkKC0rw2R6WJ
Herman’s Hermits,I’m Into Something Good,1964,Love,http://open.spotify.com/track/5tYLgBIbx3YVde84rRPNE9
Whitney Houston,How Will I Know,1985,Love,http://open.spotify.com/track/0xd9xioBzvbJ0KsqFUE1ob
Leroy Hutson,I’m So in Love,1973,Love,http://open.spotify.com/track/7yLQMOBHYEkFkFQcEoNEpR
The Impressions,I’m So Proud,1964,Love,http://open.spotify.com/track/6mLycrS3LfCUERnOWm8luW
Gregory Isaacs,Night Nurse,1982,Love,http://open.spotify.com/track/2lPfcRMRLffiBTwLA9S8Vc
The Isley Brothers,Summer Breeze,1973,Love,http://open.spotify.com/track/5tECQN3UPXULg4nzgkXM9r
Elton John,Are You Ready For Love,1979,Love,http://open.spotify.com/track/6TNHLD7QyX5KxdYmNwwDA6
Grace Jones,La Vie En Rose,1977,Love,http://open.spotify.com/track/50SLOKltoko04YawlAjDeH
Alicia Keys,No One,2007,Love,http://open.spotify.com/track/1exNQxJp0tHfKe85qUpRJF
Ben E King,Stand By Me,1961,Love,http://open.spotify.com/track/2FVHVmsUOyNnhlwtFLjoMF
The Kinks,You Really Got Me,1964,Love,http://open.spotify.com/track/0yjEOL4g41q4rAqoguFF0s
KD Lang,Constant Craving,1992,Love,http://open.spotify.com/track/77NdXr1ANwNkMEtgBNS2ZD
Bob Lind,Elusive Butterfly,1966,Love,http://open.spotify.com/track/226EXK5tPVsqaZ2y9RACR0
Bob Marley,Is This Love?,1978,Love,http://open.spotify.com/track/6wwxa6n8kSf3Bd0apxe0iy
Paul McCartney and Wings,My Love,1973,Love,http://open.spotify.com/track/5SL1Vx2h1ULwp1EKYKp1UN
Gwen McRae,90% of Me is You,1974,Love,http://open.spotify.com/track/4dz8fFVtr8dPMqGThk5Cbs
Merrilee and the Turnabouts,Angel of the Morning,1968,Love,-
Kylie Minogue,Can’t Get You Out of My Head,2001,Love,http://open.spotify.com/track/2HpWHLtZldOcDn5qzX8kb2
Joni Mitchell,Help Me,1974,Love,http://open.spotify.com/track/4gvV5Ib89fiwMtQ4biQQjd
Van Morrison,Madame George,1968,Love,http://open.spotify.com/track/0XGw1JFG1kE6rFi4rtvs7w
Randy Newman,You’ve Got a Friend,1995,Love,http://open.spotify.com/track/2O8YJmOg9lOgn5JNHF9Qi9
Roy Orbison,"Oh, Pretty Woman",1964,Love,http://open.spotify.com/track/2DGXmZPZ07HnWkFj3AayR0
Donny Osmond,Puppy Love,1972,Love,http://open.spotify.com/track/3ABtW1kSCzKlJGGDYFH7GV
Gram Parsons,She,1973,Love,http://open.spotify.com/track/0ik33iwk2do6Rf9rQs7e8X
Dolly Parton,I Will Always Love You,1974,Love,http://open.spotify.com/track/1n3q9eF2qqOaWHBBQHLRXw
Wilson Pickett,I’m in Love,1967,Love,http://open.spotify.com/track/4QDK12L3s53JECMOhx3mdh
The Pop Group,She is Beyond Good and Evil,1979,Love,http://open.spotify.com/track/2A99HGtYXdCZKYrvPqzA6v
Cole Porter,"Let’s Do It, Let’s Fall in Love",1928,Love,-
Elvis Presley,Can’t Help Falling in Love,1961,Love,http://open.spotify.com/track/3Aw5RpV5q1zn66ck2jOQjs
Elvis Presley,Love Me Tender,1956,Love,http://open.spotify.com/track/65An7RQuVbAipQIYhJu0YJ
The Pretenders,I’ll Stand By You,1994,Love,http://open.spotify.com/track/2bFG1ywgBAyZbJGMApTPfJ
Louis Prima and Keely Smith ,That Old Black Magic,1959,Love,http://open.spotify.com/track/0e7LFGPufvU4ITix9vNSuc
The Proclaimers,Let’s Get Married,1994,Love,http://open.spotify.com/track/3P7bVGMkeVSJBOqQXPNJit
Queen,You’re My Best Friend,1975,Love,http://open.spotify.com/track/0WMmdTiZrDkObaABU7mylW
A R Rahman,Kehma Hi Kya,1995,Love,-
The Righteous Brothers,Unchained Melody,1965,Love,http://open.spotify.com/track/2ACjOtICHXrAlP3ijVMSvb
Rihanna,Umbrella,2007,Love,http://open.spotify.com/track/0dOAByk7pJESaNScxIr5wI
Smokey Robinson and the Miracles,You’ve Really Got a Hold On Me,1962,Love,http://open.spotify.com/track/7oLlI6vGHjjFfLkq0fq89A
The Ronettes,Be My Baby,1963,Love,http://open.spotify.com/track/0eXzLs2mOlkZXeftGN0SNH
Mark Ronson featuring Amy Winehouse,Valerie,2007,Love,http://open.spotify.com/track/6wrRgHFLe5RgQLBVbnqCCe
Todd Rundgren,I Saw the Light,1972,Love,http://open.spotify.com/track/2QNMAvCnpIN6P43f8HPKp1
The Shangri-Las,Leader of the Pack,1964,Love,http://open.spotify.com/track/7rwBWEQ6APQBQ5sFDOytDb
The Shirelles,Will You Love Me Tomorrow?,1961,Love,http://open.spotify.com/track/5SqfqdRQBq3JttB5Nh08H2
Simon and Garfunkel,Bridge Over Troubled Water,1970,Love,http://open.spotify.com/track/1eAVDtuGhk1lVVjMbmFvsi
Frank Sinatra,Fly Me to the Moon,1966,Love,http://open.spotify.com/track/09ityNOMUHKZ1sldYGWRCk
Frank Sinatra,Get Me to the Church On Time,1966,Love,-
Frank Sinatra,Love and Marriage,1955,Love,http://open.spotify.com/track/16y88kDkX8kgzFHMnXr33D
Percy Sledge,True Love Travels on a Gravel Road,1969,Love,http://open.spotify.com/track/38r31rrb3wYnNPa3TCn4Mn
Labi Siffre,It Must Be Love,1971,Love,http://open.spotify.com/track/2kLNtPuucbm4kPhzWpuOOM
Patti Smith,Frederick,1979,Love,http://open.spotify.com/track/7AXFxcR4QfoTPaWinYCFB3
The Smiths,There is a Light That Never Goes Out,1986,Love,-
Sonny and Cher,I Got You Babe,1965,Love,http://open.spotify.com/track/4TbuzNasQqnKJc3bJdZ0wZ
Soul Brothers Six,You Gotta Come a Little Closer,1973,Love,-
The Spice Girls,Wannabe,1996,Love,http://open.spotify.com/track/1Je1IMUlBXcx1Fz0WE7oPT
The Spinners,I’ll Be Around,1972,Love,http://open.spotify.com/track/2vLaES21zwbX1Rnmj56Bbb
Rod Stewart,Mandolin Wind,1971,Love,http://open.spotify.com/track/2YIJ6PXSWgwo25sE9eIzuU
The Stone Roses,She Bangs the Drums,1989,Love,http://open.spotify.com/track/5b6sFRZWMfcunej0zWE28r
Donna Summer,I Feel Love ,1977,Love,http://open.spotify.com/track/6efRrfjV1YW1rtecLUHoP1
The Supremes,Baby Love,1964,Love,http://open.spotify.com/track/5uM9zdUz8PpYJME9wZCM4W
The Supremes,Stoned Love,1970,Love,-
The Supremes,You Can’t Hurry Love,1966,Love,http://open.spotify.com/track/046ZhBbIMSnG3UXHXJD1cy
The Teenagers featuring Frankie Lymon,Why Do Fools Fall in Love?,1956,Love,http://open.spotify.com/track/2xKfXRhw5xaUXfevJJspZf
The Temptations,My Girl,1964,Love,http://open.spotify.com/track/0651FOAfvX33QIjpYL4F95
Them,Gloria,1964,Love,http://open.spotify.com/track/4VS4B6BjBK6liTPCf8O4aJ
Them/Van Morrison,Here Comes the Night,1965,Love,http://open.spotify.com/track/7knFQrGf88XnKjgyGrB70p
Ike and Tina Turner,"River Deep, Mountain High",1966,Love,http://open.spotify.com/track/4psjgB5e5HIuUeSVbEUY64
Twinkle,Terry,1964,Love,-
Dinah Washington,Mad About the Boy,1952,Love,http://open.spotify.com/track/3q393Yh4k0cu2wlTgyiW4v
Jimmy Webb,Wichita Linesman,1968,Love,http://open.spotify.com/track/4LKUWvk6kQDJSTkxP6TUYN
Paul Weller,You Do Something to Me,1995,Love,http://open.spotify.com/track/0qWQxgHDjlE1kcLP0SHkRK
Andy Williams,Music to Watch Girls By,1967,Love,http://open.spotify.com/track/5khJtAAIdaXwr3ZsQvvVv4
Frank Wilson,Do I Love You (Indeed I Do),1966,Love,http://open.spotify.com/track/6QtbZ4rI3fJRufeNyi19Nd
Bill Withers,Lean on Me,1972,Love,http://open.spotify.com/track/4IXTOcB1eMoE7dkBs6oRHr
Neil Young,Like a Hurricane,1977,Love,http://open.spotify.com/track/1756tFft3p2hTUBzg9bKdQ
Neil Young,Only Love Can Break Your Heart,1970,Love,http://open.spotify.com/track/3nQBejgpXbSdWpJsXKYWye
ABC,Tears Are Not Enough,1981,Heartbreak,http://open.spotify.com/track/1DsmvwImEiDU0tLMOvOJZD
Abba,The Winner Takes It All,1980,Heartbreak,http://open.spotify.com/track/1g1RLXmuXu7HpMA6gmiYve
Ryan Adams,Call Me on Your Way Back Home,2000,Heartbreak,-
All Saints,Never Ever,1997,Heartbreak,http://open.spotify.com/track/7ziHnshbknkpFLDW5yGBjO
Bill Allen and the Backbeats,Please Give Me Something,1958,Heartbreak,http://open.spotify.com/track/66auDFwg9lKmIYGQzEwHn5
Badfinger,Without You,1970,Heartbreak,http://open.spotify.com/track/5GFV9C9D7EztSc0bMzF9ss
Joan Baez,Diamonds and Rust,1975,Heartbreak,http://open.spotify.com/track/5lZ4Dm9BBGcCBVbfzxnyCX
The Beatles,You’ve Got to Hide Your Love Away,1965,Heartbreak,-
Belle and Sebastian,The Boy Done Wrong Again,1996,Heartbreak,http://open.spotify.com/track/4lNs7YerSrW3dxxWHDRSIs
Blondie,Heart of Glass,1978,Heartbreak,http://open.spotify.com/track/0a4agFmqHXxcZl1nho1BxM
Blondie,One Way Or Another,1979,Heartbreak,http://open.spotify.com/track/5Q7cE6wGHMehLFo2ppkk5D
Bon Iver,Flume,2008,Heartbreak,http://open.spotify.com/track/6WlS5FP9XcB410zta3C67v
Bonnie ‘Prince’ Billy and Matt Sweeney,Bed is For Sleeping,2005,Heartbreak,-
David Bowie,Letter to Hermione,1969,Heartbreak,http://open.spotify.com/track/13YcDQxaOktczzQBliAISJ
David Bowie,Repetition,1979,Heartbreak,http://open.spotify.com/track/6Q4S1KWuAg082DHm6BsazJ
Toni Braxton,He Wasn’t Man Enough ,2000,Heartbreak,http://open.spotify.com/track/2uHlwcSyNpekOl9EybwVaU
Bright Eyes,Lua,2005,Heartbreak,http://open.spotify.com/track/5bGoxCHvVavcFeQnI6NvUz
Buzzcocks,Ever Fallen in Love (With Someone You Shouldn’t’ve),1978,Heartbreak,http://open.spotify.com/track/4JXtIl8MKQT9Q7XkVvWV2I
Johnny Cash,I Still Miss Someone,1959,Heartbreak,http://open.spotify.com/track/17ULcItopPiilP1gIPrJvR
Nick Cave,Far From Me,1997,Heartbreak,http://open.spotify.com/track/6CjDPROOVDYN4v1JuidAJE
Vic Chesnutt,Where Were You,1991,Heartbreak,-
Kelly Clarkson,Since U Been Gone,2004,Heartbreak,http://open.spotify.com/track/07r3phrnaEUfoaauHHQXj6
The Clash,Should I Stay Or Should I Go,1982,Heartbreak,http://open.spotify.com/track/0uwXVXNfzPJtpv3iCBAgDD
Patsy Cline,Crazy,1961,Heartbreak,http://open.spotify.com/track/32EaJ4sUH4GrGfXulPltIi
Leonard Cohen,"So Long, Marianne",1967,Heartbreak,http://open.spotify.com/track/75uA4upcHXXxVfaY9eYdSK
Coldplay,The Scientist,2002,Heartbreak,http://open.spotify.com/track/75JFxkI2RXiU7L9VXzMkle
Phil Collins,Against All Odds (Take a Look at Me Now),1984,Heartbreak,http://open.spotify.com/track/5b6vClAj7N7VFLXEso3hEY
The Communards,Don’t Leave Me This Way,1986,Heartbreak,http://open.spotify.com/track/6G27JoyRv8Ly085NkPIRWB
Elvis Costello ,Either Side of the Same Town,2004,Heartbreak,http://open.spotify.com/track/1TDyLMqyVcFnN4Gwb2Lk25
Elvis Costello and the Attractions,I Hope You’re Happy Now,1986,Heartbreak,http://open.spotify.com/track/0lJeIRRrwRmnkRWpjai96c
Elvis Costello and the Attractions,I Want You,1986,Heartbreak,http://open.spotify.com/track/4LBnvKaSC9RqnFYA0LDIGt
The Crystals,He Hit Me (And it Felt Like a Kiss),1962,Heartbreak,-
The Cure,Disintegration,1989,Heartbreak,http://open.spotify.com/track/65QOLZaDsPoJp6nDi7Ln4l
Karen Dalton,Katie Cruel,1971,Heartbreak,-
Derek and the Dominos,Layla,1970,Heartbreak,http://open.spotify.com/track/1KDsONFxp3YtnJTaLeWFIi
Duffy ,Warwick Avenue,2008,Heartbreak,http://open.spotify.com/track/5Og47k4AHrotP2QP36p5iO
Bob Dylan,"Don’t Think Twice, It’s All Right",1963,Heartbreak,http://open.spotify.com/track/0K9nDgwZnLpg8FFG732fcU
Bob Dylan,Idiot Wind,1975,Heartbreak,http://open.spotify.com/track/6M4ch4i9qn5uWVrEeMGn9i
Bob Dylan,"If You See Her, Say Hello",1975,Heartbreak,http://open.spotify.com/track/16M0VBfpUnVkUfKknW1gar
Bob Dylan,Just Like a Woman,1966,Heartbreak,http://open.spotify.com/track/6M5KL0LxCvXGr3j2mN4wE1
Bob Dylan,She’s Your Lover Now,1966,Heartbreak,http://open.spotify.com/track/0TUtCqkeaNlR71xerbm6Xo
Bob Dylan,Tangled up in Blue,1975,Heartbreak,http://open.spotify.com/track/3fSmfeHzyp33FHpVKqavaw
Snooks Eaglin,Brown Skin Woman,1962,Heartbreak,http://open.spotify.com/track/2wiwvZFyUOsqGZYlh0tffe
Steve Earle,Goodbye,1996,Heartbreak,-
Echo and the Bunnymen,The Killing Moon,1984,Heartbreak,http://open.spotify.com/track/15049rGLXHwrWtE4euUb5C
Elbow,My Very Best,2006,Heartbreak,-
Everything But the Girl,Missing (Todd Terry remix),1995,Heartbreak,http://open.spotify.com/track/0Y11QzoiLpdhPHAFcSJH9i
Marianne Faithfull,Why’d Ya Do It?,1979,Heartbreak,http://open.spotify.com/track/1XZLci5bjgHM5LC1Xs1cQe
Fleetwood Mac,Go Your Own Way,1977,Heartbreak,http://open.spotify.com/track/5qg6DB7nxilzxxzalcpNU3
Stephen Fretwell,Emily,2004,Heartbreak,http://open.spotify.com/track/3xC8ffyrb46M2xoyiAZijA
Marvin Gaye,I Heard it Through the Grapevine,1967,Heartbreak,http://open.spotify.com/track/27m1soUndRthrAA1ediOXn
Gloria Gaynor,I Will Survive,1978,Heartbreak,http://open.spotify.com/track/1lBbC5ez7W0VgrRGGeybTY
Glasvegas,Daddy’s Gone,2007,Heartbreak,http://open.spotify.com/track/5Xkht48NOI9eirHjY7d87I
Lesley Gore,It’s My Party,1963,Heartbreak,http://open.spotify.com/track/4sR3U7qQAai4CI0q4zHlRW
Al Green,How Can You Mend a Broken Heart ,1972,Heartbreak,-
Halls and Oates,She’s Gone,1973,Heartbreak,-
The Handsome Family,Weightless Again,1998,Heartbreak,-
The House of Love,Christine,1988,Heartbreak,-
The Human League,Don’t You Want Me?,1981,Heartbreak,http://open.spotify.com/track/5lmYpa6EaVAKAlwxMf7q5c
The Jackson 5,I Want You Back,1970,Heartbreak,http://open.spotify.com/track/2nPXRL8SX00vl9zeQHMSQp
Joe Jackson,Is She Really Going Out With Him?,1978,Heartbreak,http://open.spotify.com/track/3P97XnD4osOqR4lRPalNPV
Etta James,I’d Rather Go Blind,1969,Heartbreak,http://open.spotify.com/track/2xxX1FmYQk7P0I5stRyNsT
Skip James,Devil Got My Woman,1931,Heartbreak,http://open.spotify.com/track/0PIFpAuiiowI88mPS6KYsj
Daniel Johnston,Some Things Last a Long Time,1990,Heartbreak,-
Elton John,I Guess That’s Why They Call it the Blues,1983,Heartbreak,http://open.spotify.com/track/4mno8GjYUVPW8rNgJsWLx6
Gloria Jones,Tainted Love,1964,Heartbreak,-
Tom Jones,Delilah,1968,Heartbreak,http://open.spotify.com/track/0hK0cOpYF3cLB49VbMa7AV
Janis Joplin and Big Brother and the Holding Company,Piece of My Heart,1968,Heartbreak,http://open.spotify.com/track/3zfJeCCx1uDHzPNReiGqS6
Joy Division,Love Will Tear Us Apart,1980,Heartbreak,http://open.spotify.com/track/2JO3HwMRPeya8bXbtbyPcf
Kelis,Caught Out There,1999,Heartbreak,http://open.spotify.com/track/6UJbhZER5yrbaAG66rrr4Z
Alicia Keys,You Don’t Know My Name,2003,Heartbreak,http://open.spotify.com/track/212BdBPNXcHSPyKtXMiiFF
The Killers,Mr Brightside,2003,Heartbreak,http://open.spotify.com/track/4ZefAE6wZ6BEATniPk4DWI
BB King,The Thrill is Gone,1969,Heartbreak,http://open.spotify.com/track/2l9eWSE3Tupp0ArEDo45eB
Carole King,It’s Too Late,1971,Heartbreak,http://open.spotify.com/track/5bl6wYKQnPmHYO7DbF1mg7
The Kinks,Lola,1970,Heartbreak,http://open.spotify.com/track/191w1gNvwUI55Pk6PcVvMx
Bettye LaVette,Let Me Down Easy,1965,Heartbreak,http://open.spotify.com/track/0MvsfFXD0XkeOcPUOO5XaH
John Lennon,Jealous Guy,1971,Heartbreak,-
Leona Lewis,Bleeding Love,2007,Heartbreak,http://open.spotify.com/track/6LtPIXlIzPOTF8vTecYjRe
Madonna,Crazy For You,1985,Heartbreak,http://open.spotify.com/track/6idFcUh2Gc8wdtwuR0sfFN
McAlmont and Butler,Yes,1995,Heartbreak,http://open.spotify.com/track/6joAGL5IuD66Qgcz049ObW
Van Morrison,It’s All in the Game,1979,Heartbreak,http://open.spotify.com/track/4LPR6jSlFTTHavQVaYLfXR
Morrissey,"The More You Ignore Me, The Closer I Get",1994,Heartbreak,http://open.spotify.com/track/2ljH5Nxub9QIJ1WE1hsVU3
The Mountain Goats,No Children,2003,Heartbreak,http://open.spotify.com/track/6KyyTheVmJZsNdqwOj0MR3
New Order,Blue Monday,1983,Heartbreak,http://open.spotify.com/track/6cxLRWPZQ6dmb0lJ5Ph8Tu
Sinead O’Connor,Nothing Compares 2 U,1990,Heartbreak,http://open.spotify.com/track/07iHAswcApphvyllRDQrEa
Mary Margaret O’Hara,To Cry About,1988,Heartbreak,-
Roy Orbison,Crying,1961,Heartbreak,http://open.spotify.com/track/3oVeLS6WNWf7tAGev4Y6vM
Gram Parsons with Emmylou Harris,Love Hurts,1974,Heartbreak,http://open.spotify.com/track/51sT9Y2lXJocjVUhA5NFK1
Gram Parsons,"$1,000 Wedding",1974,Heartbreak,http://open.spotify.com/track/53egTlbVDqNH2SRmZTknrC
Dolly Parton,Jolene,1973,Heartbreak,http://open.spotify.com/track/5fdhThPDe6jQQDqCyWrdAn
Ann Peebles,It Was Jealousy,1976,Heartbreak,-
Salt-n-Pepa,Let’s Talk About Sex,1990,Sex,-
Katy Perry,Ur So Gay,2007,Heartbreak,http://open.spotify.com/track/5monag19nA467DCEUmE7Lq
Liz Phair,Divorce Song,1993,Heartbreak,-
The Police,Can’t Stand Losing You,1978,Heartbreak,http://open.spotify.com/track/1VKbWRpwV2XXSJSZ2w534h
The Police,Every Breath You Take,1983,Heartbreak,http://open.spotify.com/track/0A4Btqar6Y5B4hfs9pZnSE
Elvis Presley,Always on My Mind,1972,Heartbreak,http://open.spotify.com/track/7mm18MJI4UpSS2IfsId0qB
Elvis Presley,Suspicious Minds,1969,Heartbreak,http://open.spotify.com/track/21uqk0VElbm5bxCNTR3E6M
Dory Previn,Beware of Young Girls,1970,Heartbreak,http://open.spotify.com/track/6G73YaSHMs0tP2gCNvSnjE
Prince,When Doves Cry,1984,Heartbreak,http://open.spotify.com/track/5OLaGD9QaSn2pRmBr6hYqb
Mohammed Rafi,Jaan Pehechaan Ho,1965,Heartbreak,http://open.spotify.com/track/6o1fs0vkkFGT8lSkMAXe1o
Lou Reed,Sad Song,1973,Heartbreak,-
REM,Everybody Hurts,1992,Heartbreak,http://open.spotify.com/track/28AZM08WStiEXfqN065BvN
REM,The One I Love,1987,Heartbreak,http://open.spotify.com/track/3k5BXtsudQFynAlzYIzCgF
The Righteous Brothers,You’ve Lost That Lovin’ Feelin’,1964,Heartbreak,http://open.spotify.com/track/4Y7jrcaXsSFyf5g4YLcAaB
The Rolling Stones,Stupid Girl,1966,Heartbreak,http://open.spotify.com/track/1jlF5p7TTVhT1pvk1jdxZz
The Rolling Stones,Under My Thumb,1966,Heartbreak,http://open.spotify.com/track/4H5hI3u6LmIRlXnWR89opX
The Ronettes,(The Best Part of) Breakin’ Up,1964,Heartbreak,-
Jimmy Ruffin,What Becomes of the Broken Hearted,1966,Heartbreak,http://open.spotify.com/track/019nGMMof2yYp0zIdnbxSV
Arthur Russell,A Little Lost,1994,Heartbreak,-
Carly Simon,Nobody Does it Better,1977,Heartbreak,http://open.spotify.com/track/240vi0Gt8ZOdPwC1PbzfUJ
Carly Simon,You’re So Vain,1972,Heartbreak,http://open.spotify.com/track/46aRTYYXkN8ok6fnv9ljvr
Paul Simon,50 Ways to Leave Your Lover,1975,Heartbreak,http://open.spotify.com/track/2VrS8weZmIHO4LtRQibMvJ
Frank Sinatra,Only the Lonely,1958,Heartbreak,http://open.spotify.com/track/3il33mhbtAFCpdBNvNyymr
The Small Faces,All Or Nothing,1966,Heartbreak,http://open.spotify.com/track/3NkE5aI8aPPnoG8w2xBwNF
The Smiths,I Know It’s Over,1986,Heartbreak,-
The Smiths,"Please, Please, Please Let Me Get What I Want",1984,Heartbreak,-
Smog,Left Only With Love,1998,Heartbreak,-
Spiritualized,Broken Heart,1997,Heartbreak,-
Dusty Springfield,I Just Don’t Know What to Do With Myself,1964,Heartbreak,http://open.spotify.com/track/4qrEIcw64kbDgSK5QRkkAC
Dusty Springfield,You Don’t Have to Say You Love Me,1966,Heartbreak,http://open.spotify.com/track/2djMjbwwD6aeN029drEul0
Rod Stewart,Maggie May,1971,Heartbreak,http://open.spotify.com/track/5bnmFqpNi0JsOUQgQaGtzC
The Streets,Dry Your Eyes,2004,Heartbreak,http://open.spotify.com/track/1DlCpos9Lj8pK6cYMRjipp
The Strokes,Last Nite,2001,Heartbreak,http://open.spotify.com/track/7kzKAuUzOITUauHAhoMoxA
The Supremes,Where Did Our Love Go?,1964,Heartbreak,http://open.spotify.com/track/6yz8hKpO3s2byra8Et3w9x
The Supremes,You Keep Me Hangin’ On,1966,Heartbreak,http://open.spotify.com/track/6tLPgXlqugmn2XfNnmGoVp
Bettye Swann,(My Heart Is) Closed for the Season  ,1968,Heartbreak,http://open.spotify.com/track/6AS7rbXQIE2cSCtNXg3RPm
Take That,Back for Good,1995,Heartbreak,http://open.spotify.com/track/1cnoj3gWltCrWBZ77jZtmj
TLC,No Scrubs,1999,Heartbreak,http://open.spotify.com/track/5iJUGd5boRXsCmW00B3Mtq
U2,With Or Without You,1987,Heartbreak,http://open.spotify.com/track/2JZfTvWWtpaE8NohqRXqFr
Luther Vandross,Give Me the Reason,1986,Heartbreak,http://open.spotify.com/track/54yoy5MG6SVPB5wdneXAW7
The Velvet Underground and Nico,Femme Fatale,1967,Heartbreak,http://open.spotify.com/track/63uM3G418omzGOIT9ltPmt
Tom Waits,Ruby’s Arms,1980,Heartbreak,http://open.spotify.com/track/0YUvSNoGzYp67QjLOmzVnW
The Walker Brothers,Make it Easy on Yourself,1965,Heartbreak,http://open.spotify.com/track/5RT0MynLRywe8D3UHJ4UNG
Dionne Warwick,Walk on By,1964,Heartbreak,http://open.spotify.com/track/6xS9VDmREYFio4BNGFImjc
Kanye West,Gold Digger,2005,Heartbreak,http://open.spotify.com/track/5sSxgpqqZEAdwfRYVze4fU
Kanye West,Say You Will ,2008,Heartbreak,http://open.spotify.com/track/57wUNWELIZOReROLzol83e
The Who,Substitute,1966,Heartbreak,http://open.spotify.com/track/6AtYt0gDIi6I38fOfkV31y
Hank Williams,"Cold, Cold Heart",1951,Heartbreak,http://open.spotify.com/track/56KLeNPhvXXyXGQ9TEYDCC
Robbie Williams,No Regrets,1998,Heartbreak,http://open.spotify.com/track/2h4Lh23FF8OQ8uGBnOdepy
Amy Winehouse,Stronger Than Me,2003,Heartbreak,http://open.spotify.com/track/5Q8nk53ZSOoCCoMHcyUj8X
Amy Winehouse,You Know I’m No Good,2006,Heartbreak,http://open.spotify.com/track/0u8ekDfiPVBsju2LBLvDvI
Bill Withers,Ain’t No Sunshine,1971,Heartbreak,http://open.spotify.com/track/7u9s9Kn0J9U69J0qQV3E5M
Bill Withers,Use Me,1972,Heartbreak,http://open.spotify.com/track/7bIC3bWre8rInwCizxLMPQ
Tammy Wynette,D-I-V-O-R-C-E,1968,Heartbreak,-
Neil Young,A Man Needs a Maid,1972,Heartbreak,http://open.spotify.com/track/09EdAJXci83YhVYUaZtLOw
Ryan Adams,"New York, New York",2001,People and places,http://open.spotify.com/track/6n0uVCp7GKgS0N7yCiIjYG
Aliotta Haynes Jeremiah,Lake Shore Drive,1971,People and places,-
Bob Andy,I’ve Got to Go Back Home,1966,People and places,-
The Animals,We Gotta Get Out of This Place,1965,People and places,http://open.spotify.com/track/385Z5UTDZvJMvhOAiURcHY
Arctic Monkeys,A Certain Romance,2006,People and places,http://open.spotify.com/track/1sW0hSskhK2o3okrBoNd57
Roy Ayers,Chicago,1983,People and places,http://open.spotify.com/track/6mWaJR3Wz8XcujkKd48oy6
The Beach Boys,"Fun, Fun, Fun",1964,People and places,http://open.spotify.com/track/0kRivH04RZLdKhD5wX1h1D
The Beatles,Eleanor Rigby,1966,People and places,-
The Beatles,Doctor Robert,1966,People and places,-
The Beatles,Drive My Car,1965,People and places,-
The Beatles,Penny Lane,1967,People and places,-
The Beatles,She’s Leaving Home,1967,People and places,-
The Beatles,Strawberry Fields Forever,1967,People and places,-
Tony Bennett,I Left My Heart in San Francisco,1962,People and places,http://open.spotify.com/track/6T4wzk2iyRcdmEQUcqk1s8
Chuck Berry,"Memphis, Tennessee",1959,People and places,http://open.spotify.com/track/289AKX6diQ7eCcvJLb5pC3
Chuck Berry,No Particular Place to Go,1964,People and places,http://open.spotify.com/track/0ibuBDbT4tKNA1ugKK92AI
Chuck Berry,Johnny B Goode,1958,People and places,http://open.spotify.com/track/78gvEiVlnMd1f5adOHjJxP
Mike Berry and the Outlaws,Tribute to Buddy Holly,1961,People and places,-
"William Blake, Charles Hubert and Hastings Parry",Jerusalem,1916,People and places,-
Bobby Bland,Ain’t No Love in the Heart of the City,1974,People and places,-
Archie Bleyer,Hernando’s Hideaway,1954,People and places,http://open.spotify.com/track/5l14z1uDc6xwMohyYuhOfM
Blur,For Tomorrow,1993,People and places,http://open.spotify.com/track/6j8paOITkZ5Ybrg5osqeVk
David Bowie,Life On Mars?,1971,People and places,http://open.spotify.com/track/1EdKQ7nYYmMEsrcehcHf4Q
David Bowie,Space Oddity,1969,People and places,http://open.spotify.com/track/7IBfmCrfaR3SLVemWhsucQ
Jan Bradley,Nights in New York City,1968,People and places,-
Billy Bragg,Levi Stubbs’ Tears,1986,People and places,-
Jackie Brenston and His Delta Cats,Rocket 88,1951,People and places,http://open.spotify.com/track/2D4CW43Ewl0UZvrn9E2bo3
Anne Briggs,Blackwater Side,1971,People and places,-
Bronski Beat,Smalltown Boy,1984,People and places,http://open.spotify.com/track/1nz1xzqPN4xYZtR4zgiLxt
The Byrds,Eight Miles High,1966,People and places,http://open.spotify.com/track/3M2vp32P9xXHsVRcva9G5c
Glen Campbell,Galveston,1969,People and places,http://open.spotify.com/track/7GCNh1ibQiae8aimaEUOFq
Cab Calloway,Minnie the Moocher,1931,People and places,http://open.spotify.com/track/1Ns0szGnyIV7BLkWsrkdVu
The Cars,Drive,1984,People and places,http://open.spotify.com/track/2KjYhaRlB5NtCJ0JotvJhZ
Martin Carthy,Scarborough Fair,1965,People and places,-
Johnny Cash,I’m Free From the Chain Gang Now,2006,People and places,http://open.spotify.com/track/52HE6vtu3RydAcSDK3YuuN
Johnny Cash,Folsom Prison Blues,1955,People and places,http://open.spotify.com/track/7BuR7aWjwtMnejLYeh8FZk
Manu Chao,King of Bongo,1998,People and places,-
Ray Charles,Georgia on My Mind,1960,People and places,http://open.spotify.com/track/5pnvs9jplQQE7uxdyHhTta
Ray Charles,Lonely Avenue,1956,People and places,http://open.spotify.com/track/43mBBdRU6GfinobxcDyufp
Guy Clark,LA Freeway,1975,People and places,http://open.spotify.com/track/0FIn08OKKHVRSFJfm6QBmS
The Clash,London Calling,1979,People and places,http://open.spotify.com/track/6UxHw23oizTlIyolc4Alaz
Jimmy Cliff,Many Rivers to Cross,1969,People and places,http://open.spotify.com/track/1dr5J5vp2lomzdDPcv4CvG
The Coasters,Riot in Cell Block #9,1954,People and places,http://open.spotify.com/track/5Hl3bPQuASTEb4t3GxhlkI
Leonard Cohen,Chelsea Hotel #2,1974,People and places,http://open.spotify.com/track/48WhdGNxaxHMdRxs11ampi
Leonard Cohen,First We Take Manhattan,1988,People and places,http://open.spotify.com/track/6C7z72JkQtC08oKYLsz791
Shirley Collins,The Banks of the Sweet Primroses,1967,People and places,-
Ry Cooder,Taxes on the Farmer Feeds Us All,1972,People and places,-
Sam Cooke,Chain Gang,1960,People and places,http://open.spotify.com/track/2v3StB7FS2bUZNSWWInRN7
Bing Crosby,Brother Can You Spare a Dime?,1932,People and places,http://open.spotify.com/track/2Ei1sEtJU0ENRvk3sKZx0X
Bobby Darin,Beyond the Sea,1959,People and places,http://open.spotify.com/track/1xeEkk0av46GZ4Ztq1dUEM
Bobby Darin,Mack the Knife ,1959,People and places,http://open.spotify.com/track/35hKX7JI7gvQ0oKna8895l
Desmond Dekker,007 (Shanty Town),1967,People and places,http://open.spotify.com/track/7hwvbkchjTc5JXEZ4xmQX7
Dexys Midnight Runners,Geno,1980,People and places,http://open.spotify.com/track/7gb626DDDHoiuVAGZEnlJk
Bo Diddley,Roadrunner,1960,People and places,http://open.spotify.com/track/0D98Qv08oIWYoSgVigHy9a
Dion,The Wanderer,1961,People and places,http://open.spotify.com/track/0tk8p69r1Ed2OuqiXxHdAQ
Donovan,Sunny Goodge Street,1965,People and places,http://open.spotify.com/track/0W0WuexnXG8xdSnTIHKnrQ
Doves,Black and White Town,2005,People and places,http://open.spotify.com/track/1RJxjF2aOMi1JLJ9K2PUJj
The Drifters,On Broadway,1963,People and places,http://open.spotify.com/track/1rDBmONfSiBaJJGqDH2OH5
Ian Dury,Billericay Dickie,1977,People and places,-
Bob Dylan,Ballad of a Thin Man,1965,People and places,http://open.spotify.com/track/3Xbr9UqRIgo5I9Wna9sofg
Bob Dylan,Blind Willie McTell,1991,People and places,http://open.spotify.com/track/2HT5jSAGQtNJ6nM8dhvrng
Bob Dylan,Like a Rolling Stone,1965,People and places,http://open.spotify.com/track/4hR2PmKODnlFa5fe8iWzeo
Steve Earle,The Mountain,1999,People and places,-
Elbow,Station Approach,2005,People and places,-
The Fall,Leave the Capitol,1981,People and places,-
The Flying Burrito Brothers,Sin City,1969,People and places,http://open.spotify.com/track/79eJ1pa0yAAFlloGPizz8W
Peter Gabriel,Solsbury Hill,1977,People and places,-
"The Good, the Bad and the Queen",Green Fields,2007,People and places,-
Judy Garland,Over the Rainbow,1939,People and places,http://open.spotify.com/track/1jNQ6e4Mze7QA3hPWbTv3B
Woody Guthrie,Do Re Mi,1940,People and places,http://open.spotify.com/track/2IsUkc97tIzMBQg67y3lVP
Merle Haggard,Big City,1981,People and places,http://open.spotify.com/track/2a57riblxsqxe1lV33JDTf
Tim Hardin,Tribute to Hank Williams,1967,People and places,http://open.spotify.com/track/7EIObUsjH82rWe34Alrou9
Emmylou Harris ,Boulder to Birmingham,1975,People and places,http://open.spotify.com/track/3PAnJueYX2pM8Ig0xSnkbI
Richard Hawley,Coles Corner,2005,People and places,http://open.spotify.com/track/5kGdayTmguCAZP87F56DUg
Heinz,Just Like Eddie,1963,People and places,http://open.spotify.com/track/3anKfvDNqW7dYBDEbmKzIn
The Jam,Down in the Tube Station at Midnight,1978,People and places,http://open.spotify.com/track/3pmY0mjzWegSxdMPwYZwSj
Eddie Jefferson,So What (Miles),1961,People and places,http://open.spotify.com/track/0PCrDhGtjxU660QHLUHYYc
Janis Joplin,Me and Bobby McGee,1971,People and places,http://open.spotify.com/track/6K81RptJZZaeEkqiV6kpyv
Robert Johnson,Cross Road Blues,1936,People and places,-
Louis Jordan and His Tympany Five,Choo Choo Ch’Boogie,1946,People and places,http://open.spotify.com/track/1bPpdLPZIi24zchWIGkI3H
Ben E King,Spanish Harlem,1961,People and places,http://open.spotify.com/track/3UCmuRdeTriWgOZMEJsfqZ
Nat King Cole,(Get Your Kicks On) Route 66,1946,People and places,http://open.spotify.com/track/3k0jloXIBRigk9z7TSxr48
The Kinks,Dead End Street,1966,People and places,http://open.spotify.com/track/2qYhnsUIiu31svhUA5yGZD
The Kinks,The Village Green Preservation Society,1968,People and places,-
The Kinks,Waterloo Sunset,1967,People and places,http://open.spotify.com/track/2nlvl52hnkBMoWPmWChXM8
Lord Kitchener,London is the Place For Me,1951,People and places,-
Kraftwerk,Trans-Europe Express,1977,People and places,http://open.spotify.com/track/0E4dDQtMRsh2hil3J9hTMj
Lemon Jelly,Ramblin’ Man ,2002,People and places,http://open.spotify.com/track/6gZy5D9PMscYWMM1VdvZZx
The Louvin Brothers,Kentucky,1956,People and places,http://open.spotify.com/track/15GmkMpAv2Q3txQLW2c1nZ
Lynyrd Skynyrd,Sweet Home Alabama,1974,People and places,http://open.spotify.com/track/1KZ1hkR3lxhIRW57sPaY07
The Mamas and the Papas,California Dreamin’,1965,People and places,http://open.spotify.com/track/1pxO7IS622Q8DQJ7uK7JRt
Bob Marley and the Wailers,"No Woman, No Cry",1974,People and places,http://open.spotify.com/track/2Fl520GM5Pq1yCxSruf3gj
Sam Mayo,Things Are Worse in Russia,1922,People and places,-
Don McLean,Vincent,1971,People and places,http://open.spotify.com/track/6b2rn4db84W8Ntz66LHi53
Memphis Minnie,Me and My Chauffeur Blues,1941,People and places,http://open.spotify.com/track/1BrAqEZyBw7t4Qk5LdPq7w
Mississippi John Hurt,Stack O’ Lee,1928,People and places,http://open.spotify.com/track/2s4dwHpeGqoXNUXoyXyG1O
Marilyn Monroe,Diamonds Are a Girl’s Best Friend,1953,People and places,http://open.spotify.com/track/0wxF2Ia8RldcEHSlEope7i
Van Morrison,Coney Island,1989,People and places,http://open.spotify.com/track/51uJPonFb6B4bjVXXIb6oR
Willie Nelson,On the Road Again,1980,People and places,http://open.spotify.com/track/3c4gb10sLoDr3OCoLIKRqm
Gary Numan,Cars,1979,People and places,http://open.spotify.com/track/3CKLPDN1AIOYa7QPpy6oDH
Randy Newman,A Few Words in Defense of Our Country,2008,People and places,http://open.spotify.com/track/1IWtqdxdgO1ThXjfjXnsSU
Randy Newman,Baltimore,1977,People and places,-
Randy Newman,I Love LA,1983,People and places,-
Nilsson,I Guess the Lord Must Be in New York City,1969,People and places,http://open.spotify.com/track/6gu59Q2p1Zkx2jkMdJYO1X
Roy Orbison,Blue Bayou,1963,People and places,http://open.spotify.com/track/5GdSlf0Of1E67soyYauE1i
Roy Orbison,Domino,1956,People and places,http://open.spotify.com/track/12NYyFxVvXaa8XIZEErs2D
Pentangle,Bruton Town,1968,People and places,http://open.spotify.com/track/2pqiemaVZ6QjRYH5cPCfax
Pet Shop Boys,King’s Cross,1987,People and places,-
Pet Shop Boys,West End Girls,1985,People and places,http://open.spotify.com/track/5Dqik1P9toCJTLj5rEm78s
Wilson Pickett,Mustang Sally,1966,People and places,http://open.spotify.com/track/2AbmCE9mLpaVMyQeyvlgHN
Pink Floyd,Shine on You Crazy Diamond,1975,People and places,-
The Pogues,Dirty Old Town,1985,People and places,http://open.spotify.com/track/7IMYW63MR1U33kX7LOecPl
The Pogues,Rainy Night in Soho,1985,People and places,http://open.spotify.com/track/6vSHxP7R5Ml9zqyO2JM5v9
Elvis Presley,Heartbreak Hotel,1956,People and places,http://open.spotify.com/track/4YpAvti84hmMqJwnAYawt5
PJ Proby,Somewhere,1964,People and places,http://open.spotify.com/track/5lz5nAO1HA7nntRU5k0IzH
Pulp,Common People,1995,People and places,http://open.spotify.com/track/3gc4sAYBuZDhbFfnauPqOf
Jimmy Reed,"Bright Lights, Big City",1961,People and places,http://open.spotify.com/track/3uNEUuL8U3RqHVyhiuD6DY
Lou Reed,Berlin,1973,People and places,-
Jonathan Richman and the Modern Lovers,Roadrunner,1972,People and places,-
Jeannie C Riley ,Harper Valley PTA,1968,People and places,http://open.spotify.com/track/0nAHjZ9TJ6h4Hpy8lxlP6u
Jimmie Rodgers,T for Texas,1928,People and places,http://open.spotify.com/track/5pOTmneH4pTmhxaSLtrTM0
The Rolling Stones,Moonlight Mile,1971,People and places,http://open.spotify.com/track/19syRYigiBrdGj5HUqBjzx
The Rolling Stones,Ruby Tuesday,1967,People and places,http://open.spotify.com/track/5dv34fSvGLhCaPNjiytAva
Mitch Ryder and the Detroit Wheels,Jenny Take a Ride ,1965,People and places,http://open.spotify.com/track/5mgDZhN7E1nau6ZH2ENmUH
Bim Sherman,Chancery Lane,1978,People and places,-
Paul Simon,Graceland,1986,People and places,http://open.spotify.com/track/0aeaKHM4KCULhqKk4QZzjT
Paul Simon,The Late Great Johnny Ace,1983,People and places,http://open.spotify.com/track/5ach2WWI5RD1FOjDArNlRh
Simon and Garfunkel,Homeward Bound,1966,People and places,http://open.spotify.com/track/0MhdnZTAPZmdEWa3alX8eM
Simon and Garfunkel,Mrs Robinson,1968,People and places,http://open.spotify.com/track/6J1sj9dcEM91H80NIz1Gpo
Frank Sinatra,"New York, New York",1980,People and places,http://open.spotify.com/track/4tMPwjAb9FYZ2HHgXj24LU
Nancy Sinatra and Lee Hazlewood,Jackson,1967,People and places,http://open.spotify.com/track/56LjYK1rKum8m1L7aIdfm4
Bruce Springsteen,Born to Run,1975,People and places,http://open.spotify.com/track/3JlWTo11ustqpPS1V7Jivs
Squeeze,Up the Junction,1979,People and places,http://open.spotify.com/track/1zWLu0Glg7glW6ulCfDbeN
The Stanley Brothers,Rank Stranger,1950,People and places,http://open.spotify.com/track/1AkjPhgexQuQkeJpB3sS5E
Steppenwolf,Born to Be Wild,1968,People and places,http://open.spotify.com/track/78OcvMkLFsRp5AJsRexfPX
Thin Lizzy,The Boys Are Back in Town,1976,People and places,http://open.spotify.com/track/3w7SMX2L4Tx6GAR8cr5H5L
Toots and the Maytals,54-46 (That’s My Number),1968,People and places,http://open.spotify.com/track/0KVxbnJ6OfDj6P47KogYo7
Townes Van Zandt,Snowin’ on Raton,1987,People and places,-
The Undertones,My Perfect Cousin,1980,People and places,http://open.spotify.com/track/2YGzQWJGukgL3eXslK1okj
Tom Waits,In the Neighbourhood,1983,People and places,-
Tom Waits,"Johnsburg, Illinois",1983,People and places,http://open.spotify.com/track/1Opgvak0Qc2kyLVLFbuu1V
Dionne Warwick,Do You Know the Way to San José,1968,People and places,http://open.spotify.com/track/3lVRhqxAiipuI4kPz4TF5W
Paul Weller,Wild Wood,1993,People and places,http://open.spotify.com/track/6YV6egaDLNWSxHenzsWE1y
Stevie Wonder,Living for the City,1973,People and places,http://open.spotify.com/track/1XtEFMgU5u5yHa5N4GxIbA
Stevie Wonder,Master Blaster (Jammin),1980,People and places,http://open.spotify.com/track/3Q5K3AUwRshY9TSXxRk3IW
Aaliyah,Try Again,2000,Sex,http://open.spotify.com/track/2CM7CAL7aJ5WkPU0oGbA96
Abba,Gimme! Gimme! Gimme! (A Man After Midnight),1979,Sex,http://open.spotify.com/track/2TjNlK2tNBxF8C8RIaK9Gb
AC/DC,You Shook Me All Night Long,1980,Sex,-
Aerosmith,Love in an Elevator,1989,Sex,http://open.spotify.com/track/1SDr4rc6YRpaLDkJURW3sY
Lily Allen,Smile,2006,Sex,http://open.spotify.com/track/1elLIGWtTXFm5NSRHDa4w1
Arctic Monkeys,When The Sun Goes Down,2006,Sex,http://open.spotify.com/track/2iuIqCjjPKg3DYwHHAo0kJ
Au Pairs,Come Again,1981,Sex,-
The Beatles,Another Girl,1965,Sex,-
The Beatles,Norwegian Wood (This  Bird Has Flown),1965,Sex,-
Chuck Berry,My Ding-a-Ling,1972,Sex,http://open.spotify.com/track/2x54atSzwJO7zngKHdePjb
Big Star,Kangaroo,1978,Sex,-
Jane Birkin and Serge Gainsbourg,Je T’Aime ... Moi Non Plus,1969,Sex,-
Blur,Girls and Boys,1994,Sex,http://open.spotify.com/track/3Y23PZn79fu2uaefLBCJyz
Bonzo Dog Doo-Dah Band,Tent,1969,Sex,http://open.spotify.com/track/1Iv81TnJcanYzk4uyewcNi
Boys Town Gang,Cruisin’ the Streets,1981,Sex,-
James Brown,Get Up (I Feel Like Being a) Sex Machine,1970,Sex,http://open.spotify.com/track/5uCdgBAqYPWQ2HGpJVGAeD
Tim Buckley,Get On Top,1972,Sex,http://open.spotify.com/track/2OqesAvEfzM5KvBHhRlz5l
Buzzcocks,Orgasm Addict,1977,Sex,http://open.spotify.com/track/4iUvyJkurdF6iDzdY4Z4al
The Byrds,Triad,1968,Sex,http://open.spotify.com/track/3Vcbq1XGXbvwXT9wC4XJjj
Elvis Costello and the Attractions,High Fidelity ,1980,Sex,http://open.spotify.com/track/0FKPuEwGl4zunq0HKcoxQ5
Elvis Costello and the Attractions,I Want You,1986,Sex,http://open.spotify.com/track/4LBnvKaSC9RqnFYA0LDIGt
CSS,Let’s Make Love and Listen to Death from Above,2006,Sex,http://open.spotify.com/track/4Cz17oLEdM9MY5BYtd0S2N
D’Angelo,Brown Sugar,1995,Sex,http://open.spotify.com/track/3tyUh8UpK0PVu00AjbP1UG
Destiny’s Child,Say My Name,1999,Sex,http://open.spotify.com/track/2gSyc23Hua25fqSFpgAh6W
Dexys Midnight Runners,Come On Eileen,1982,Sex,http://open.spotify.com/track/7L1h8TN56ynoes6aZ4kNs2
Divinyls,I Touch Myself,1991,Sex,http://open.spotify.com/track/6oNvmplQGUkmAh441Teows
Ian Dury and the Blockheads,Wake Up and Make Love With Me,1977,Sex,-
Bob Dylan,I Want You,1966,Sex,http://open.spotify.com/track/6hMr51jPiGsyI16VfO8wmO
Bob Dylan,Lay Lady Lay,1969,Sex,http://open.spotify.com/track/6wo0JCftDQbbo9nsGKLzk2
The Eagles,Lyin’ Eyes,1975,Sex,-
Elastica,Stutter,1993,Sex,http://open.spotify.com/track/6R8t6SQX1692z5S112XMkJ
Elastica,Vaseline,1995,Sex,http://open.spotify.com/track/3CFreeQN3KprsAO9Io0MpP
Eurythmics,Who’s That Girl?,1983,Sex,http://open.spotify.com/track/0qO7FkKWdHPc1Si1Z2nLZm
The Faces,Stay With Me,1971,Sex,http://open.spotify.com/track/6qpWQy2fQy7X0jJTg7UoiO
The Flirts,Passion,1982,Sex,-
Frankie Goes to Hollywood,Relax,1983,Sex,-
Peter Gabriel,Sledgehammer,1986,Sex,-
Marvin Gaye,Let’s Get It On,1973,Sex,http://open.spotify.com/track/5qAV9Xmezj2Fb2cUkZCKqS
Marvin Gaye,Sexual Healing,1982,Sex,http://open.spotify.com/track/6PctvwtmRSIwmTc4HtBzJT
Bobbie Gentry,Fancy,1969,Sex,http://open.spotify.com/track/6aarvZBVzYo3sp4NYOBqCp
Grinderman,No Pussy Blues,2007,Sex,http://open.spotify.com/track/7hdfYPz4MaEcAH97E0S6vW
Happy Mondays,Bob’s Yer Uncle,1990,Sex,http://open.spotify.com/track/7p9Dw7RS1uTJubzRGRGHLV
The Hidden Cameras,The Man That I Am With My Man,2003,Sex,http://open.spotify.com/track/4O1lOLB77K8jOilQOYnULt
Hot Chocolate,You Sexy Thing,1975,Sex,http://open.spotify.com/track/3FJ86KB6nSQ1vTJbupZmmv
Whitney Houston,Saving All My Love for You,1985,Sex,http://open.spotify.com/track/0659KEGBXXfDy2pbCtZ9Wd
The Isley Brothers,Between the Sheets,1983,Sex,http://open.spotify.com/track/0RBg0YkVr7B6PGgK13PUhw
Millie Jackson,Summer (The First Time),1974,Sex,-
Wanda Jackson,Fujiyama Mama,1957,Sex,http://open.spotify.com/track/56xQ4YLqsIZ4Kc6R3WEHAx
Etta James,I Just Want to Make Love to You,1961,Sex,http://open.spotify.com/track/7A96l8P8UmFPhdu7pQ8SMe
Rick James,Super Freak,1981,Sex,http://open.spotify.com/track/00FCfK15gIqylm8xeO4pjx
Tommy James and the Shondells,Crimson and Clover,1968,Sex,http://open.spotify.com/track/1vXuYPpkLjn1v06E2EsWQY
Grace Jones,Pull Up to the Bumper,1981,Sex,http://open.spotify.com/track/3nkuemN1DlyHYZCk5eZYLn
Kelis,Milkshake,2003,Sex,http://open.spotify.com/track/2cMTIlktg3M9mXYqCPqw1J
R Kelly,Ignition (Remix),2003,Sex,http://open.spotify.com/track/7uN7snLDoM1WTmMcTxNreb
"My Neck, My Back (Lick It)",Khia,2002,Sex,http://open.spotify.com/track/0XPLAWXQ03Tlk94CltCj9S
Carole King,I Feel the Earth Move,1971,Sex,http://open.spotify.com/track/437fpvkvab2A1kyZWr99u1
Kings of Leon,Sex On Fire,2008,Sex,http://open.spotify.com/track/395C2pn0PdOYPzM4B1jLoO
Kiss,Black Diamond,1974,Sex,http://open.spotify.com/track/6ChyfMvHeIdX7vaNR249AK
Labelle,Lady Marmalade,1974,Sex,http://open.spotify.com/track/3xqe6BzisHN08DOYYqTcsh
JC Lodge,Telephone Love,1988,Sex,http://open.spotify.com/track/3cWpbffv5WFX2g5n99L1th
Kris Kristofferson,Help Me Make It Through the Night,1970,Sex,http://open.spotify.com/track/2Os4SR7qNgb6vKa6cXQSUZ
Led Zeppelin,Whole Lotta Love,1969,Sex,-
Jerry Lee Lewis,Whole Lotta Shakin’ Goin’ On,1957,Sex,http://open.spotify.com/track/3VIQihiCjAPP22iG0z0iJ9
Lil’ Louis,French Kiss,1989,Sex,-
Little Richard,Tutti Frutti,1955,Sex,http://open.spotify.com/track/17nFSc5cJ3AHKt7qsGFtsz
The Lovin’ Spoonful,Darling Be Home Soon,1967,Sex,http://open.spotify.com/track/0WyaWFJqhVdHxK2pY9Xg8U
George Kranz,Din Daa Daa,1984,Party songs,-
Loretta Lynn,You Ain’t Woman Enough,1966,Sex,http://open.spotify.com/track/0HIDHxooesFQ1zAZ3Vahgm
Kirsty MacColl,"Don’t Come the Cowboy With Me, Sonny Jim!",1989,Sex,http://open.spotify.com/track/2K0gFbHUwMJqXNfm7fJnRg
Madonna,Justify My Love,1990,Sex,http://open.spotify.com/track/5pIYRfMMlLw7NXg1ey8bRA
MGMT,Electric Feel,2008,Sex,http://open.spotify.com/track/2eGHyarZyRvUgFI4d3G8GN
George Michael,I Want Your Sex,1987,Sex,http://open.spotify.com/track/4g4UjSFx9QCTt2mqJwr4fW
George Michael,Fastlove,1996,Sex,http://open.spotify.com/track/5y0RtJTOSuy864erUivf0J
Missy Elliott,One Minute Man,2001,Sex,http://open.spotify.com/track/4SZG38k0cKCMrmpu2mPpD2
Missy Elliott,Work It,2002,Sex,http://open.spotify.com/track/5p3WoFtEm7HrRp8lKxKICu
Joni Mitchell,A Case of You,1971,Sex,http://open.spotify.com/track/42kn5anz7d6ykieCG0yIbH
Mr Vegas,Heads High,1998,Sex,http://open.spotify.com/track/4LCmlA4r2kaQ5d5Hld8y26
Naughty by Nature,OPP,1991,Sex,http://open.spotify.com/track/70zkTsvURu74HmCrEja7e4
Me’Shell Ndegeocello,If That’s Your Boyfriend (He Wasn’t Last Night),1993,Sex,http://open.spotify.com/track/1VUtTNkTTkFnlHZnkS8gEf
Randy Newman,You Can Leave Your Hat On,1972,Sex,http://open.spotify.com/track/6g15icndZ6ig2CtKcayHHx
New Order,Bizarre Love Triangle,1986,Sex,http://open.spotify.com/track/3IZYwVzsjbyw4QxbDmR3Sf
Nine Inch Nails,Closer,1994,Sex,http://open.spotify.com/track/5mHiMTaFI51iB533K7qjzG
The Normal,Warm Leatherette,1978,Sex,http://open.spotify.com/track/6LNFfNZ5HL9lDQpB52eGOh
Owen and Leon,I Want My Cock,1965,Sex,-
Kellee Patterson,"I’m Gonna Love You Just a Little More, Baby",1976,Sex,-
Billy Paul,Me and Mrs Jones,1972,Sex,http://open.spotify.com/track/5GYcaVfaFBHe2gzA6Oybgj
Peaches,Fuck the Pain Away,2000,Sex,http://open.spotify.com/track/1XHFob24QklIXtLRopKirJ
Pixies,Gigantic,1988,Sex,http://open.spotify.com/track/2WajMsuB3N7cv5SF12NJeX
The Police,Roxanne,1978,Sex,http://open.spotify.com/track/4pe9XMdCpgblon0CrB9jtm
Prince,If I Was Your Girlfriend,1987,Sex,http://open.spotify.com/track/6K3bHdKpYnFsWf0TpoEm1E
Prince,Little Red Corvette,1983,Sex,http://open.spotify.com/track/5sjTUwMJeAzGSCmpYJzgd4
Prince and the Revolution,Darling Nikki,1984,Sex,http://open.spotify.com/track/7bBT7pJXCyH5i7Y3AaiUNW
Prince and the Revolution,Kiss,1986,Sex,http://open.spotify.com/track/1XoOSVy4rHDyd6u8XbZ0s5
Jamie Principle,Baby Wants to Ride,1987,Sex,-
Pulp,Babies,1992,Sex,http://open.spotify.com/track/2g958u66qASAxbzoO5Vva3
Pulp,Do You Remember the First Time?,1994,Sex,http://open.spotify.com/track/3rhITD3Q7qlOMCebBTHL8N
Pulp,Sheffield: Sex City,1992,Sex,http://open.spotify.com/track/75DYVxFFKJ9sHiGlVB3vT9
Martha and the Vandellas,(Love Is Like a) Heat Wave,1963,Sex,http://open.spotify.com/track/1qCbiWAHRybIDOfdkzOK7e
Rhythim Is Rhythim,Nude Photo,1987,Sex,-
Minnie Riperton,Inside My Love,1975,Sex,http://open.spotify.com/track/3oxLJ747VFQTlAdrVMpznH
The Rolling Stones,Honky Tonk Women,1969,Sex,http://open.spotify.com/track/0KoKNKBkQaAulzTJ5WLV6I
The Rolling Stones,Let’s Spend the Night Together,1967,Sex,http://open.spotify.com/track/2Zko8gc25EbLJ7GCWAaB6E
Max Romeo,Wet Dream,1968,Sex,http://open.spotify.com/track/2vV6qYsr3GAtejs2hE1dV3
Diana Ross and the Supremes,Love Child,1968,Sex,http://open.spotify.com/track/2OukOzuIXcJFz9apg4gSuM
Roxy Music,In Every Dream Home a Heartache,1973,Sex,http://open.spotify.com/track/3Wkho6tesTh4aF80T6evqH
Sam and Dave,"Hold On, I’m Comin’",1966,Sex,http://open.spotify.com/track/6PgVDY8GTkxF3GmhVGPzoB
Shangri-Las,Give Him a Great Big Kiss,1965,Sex,http://open.spotify.com/track/5eByLONVak5rrPBnS29nWn
Nancy Sinatra and Lee Hazlewood,Some Velvet Morning,1967,Sex,http://open.spotify.com/track/2X89x2pEAeDgSIK3ag1jHU
Small Faces,Rene,1968,Sex,-
The Smiths,Reel Around the Fountain,1984,Sex,-
Bessie Smith,Empty Bed Blues,1928,Sex,http://open.spotify.com/track/3WJNDpUfN9RiWbVNSXteoD
Elliott Smith,Between the Bars,1997,Sex,http://open.spotify.com/track/6UgmVIVyznBDdkpqkKyc1O
Soul Sisters,Wreck a Buddy,1969,Sex,http://open.spotify.com/track/5y8N3Wr5bLv40PdFK3oC54
Britney Spears,… Baby One More Time,1998,Sex,http://open.spotify.com/track/52SrRaRC2SlJ2dno1flkg2
Bruce Springsteen,I’m On Fire,1985,Sex,http://open.spotify.com/track/0BDQUifzYaoHojBcnqwH7U
Rod Stewart,Da Ya Think I’m Sexy,1978,Sex,http://open.spotify.com/track/42GthmiW6mIvcyaJHdMk30
The Stooges,I Wanna Be Your Dog,1969,Sex,http://open.spotify.com/track/6clhKRH03Y0FWMTW3R1pHq
Barbra Streisand and Barry Gibb,Guilty,1981,Sex,http://open.spotify.com/track/60mGckXEG1EzR4VmjYLfEW
Suede,Animal Nitrate,1993,Sex,http://open.spotify.com/track/5MQ5IbHbvjVvbKGXuwpu0b
Suede,The Drowners,1992,Sex,http://open.spotify.com/track/05eSuaEKkmlvf0svK1QW1v
Donna Summer,Love to Love You Baby,1975,Sex,http://open.spotify.com/track/3XlWYam3ILQ9txcjjjJixQ
Tone Loc,Wild Thing,1989,Sex,http://open.spotify.com/track/14xYQ6TjnKfEeAGl4C38oq
T Rex,Get It On,1971,Sex,http://open.spotify.com/track/53sjKpBzCxzmkQIaB0Sbq3
The Troggs,Wild Thing,1966,Sex,http://open.spotify.com/track/12PKavTaqOLlyC7tRWO4dw
TLC,Red Light Special,1994,Sex,http://open.spotify.com/track/2p4kivh3HWz9TiyIuFuzlY
Big Joe Turner,"Shake, Rattle and Roll",1954,Sex,http://open.spotify.com/track/7aLoa1F3EoM8AeC6Ao1RKz
Tweet,Oops (Oh My),2002,Sex,-
U2,Desire,1988,Sex,http://open.spotify.com/track/3caWBz55YTpETVOJvHBI6C
The Vapors,Turning Japanese,1980,Sex,http://open.spotify.com/track/30cHDhxUqgnHq78hv5UjMx
The Velvet Underground,Venus in Furs,1967,Sex,http://open.spotify.com/track/3BS0Y8iDtIK5SDvXpxUN17
The Who,Pictures of Lily,1967,Sex,http://open.spotify.com/track/7mUd2EEqieY6tcAdEzzuWs
!!!,Me and Giuliani Down By the Schoolyard (A True Story),2003,Politics and protest,-
Antony and the Johnsons,Another World,2008,Politics and protest,http://open.spotify.com/track/4ys9lQG6FGs7ikCGtRCSDt
Arcade Fire,Windowsill,2007,Politics and protest,http://open.spotify.com/track/4qkqZdYBTa5B5f6ppIXu37
Louis Armstrong,(What Did I Do To Be So) Black And Blue,1929,Politics and protest,http://open.spotify.com/track/7ogRU94YDmyoE1MkMbrddk
Roy Bailey,Stand Up for Judas,1979,Politics and protest,-
The Beach Boys,A Day in the Life of a Tree,1971,Politics and protest,http://open.spotify.com/track/69PvvnBElTbIFHVt9ue58Q
Carl Bean,I Was Born This Way,1977,Politics and protest,-
The Beat,Stand Down Margaret,1980,Politics and protest,http://open.spotify.com/track/3Yhr8WrFPnwBFwxhFLUwzh
The Beatles,I Am the Walrus,1967,Politics and protest,-
The Beatles,Revolution,1968,Politics and protest,-
Black Sabbath,War Pigs,1971,Politics and protest,http://open.spotify.com/track/1V0mETNS6mfKRtihAMTtxy
Blue Mink,Melting Point,1969,Politics and protest,-
Body Count,Cop Killer,1992,Politics and protest,-
Eric Bogle,And the Band Played Waltzing Matilda,1971,Politics and protest,http://open.spotify.com/track/2bcpK9QU6cJW5PlEVQfBd5
Boogie Down Productions,Stop the Violence,1988,Politics and protest,-
Bright Eyes,When the President Talks to God,2005,Politics and protest,http://open.spotify.com/track/1ScpEIsS1pVNXWafHc3tat
Bronski Beat,Smalltown Boy,1984,Politics and protest,http://open.spotify.com/track/1nz1xzqPN4xYZtR4zgiLxt
Billy Bragg,Between the Wars,1985,Politics and protest,-
James Brown,Say It Loud – I’m Black and I’m Proud,1968,Politics and protest,http://open.spotify.com/track/6SP5GXlyb0yiCCMODUjeFb
Burning Spear,Slavery Days,1975,Politics and protest,http://open.spotify.com/track/1YiCnD7YmmCXWLregZmdoM
Kate Bush,Army Dreamers,1980,Politics and protest,http://open.spotify.com/track/2duFyIqY9RHzOMruitwPkq
Ian Campbell Folk Group,The Sun Is Burning,1964,Politics and protest,-
Martin Carthy,Company Policy,1988,Politics and protest,-
Manu Chao,Rainin’ in Paradize,2007,Politics and protest,http://open.spotify.com/track/66gj35rWhKtwzTt4603exF
The Clash,Straight to Hell,1982,Politics and protest,http://open.spotify.com/track/7mjrA5T6KQ4sb0qSgUu5nJ
The Clash,White Riot,1977,Politics and protest,http://open.spotify.com/track/40t0GuTTYhobrOijf3PfEP
Jarvis Cocker,Running the World,2006,Politics and protest,http://open.spotify.com/track/3vHqlBYlLgog7dOJn8K0Tu
John Coltrane,Alabama,1963,Politics and protest,http://open.spotify.com/track/3uY3z9cO4sR256VTPpe4Kk
Sam Cooke,A Change Is Gonna Come,1964,Politics and protest,http://open.spotify.com/track/7aXPwuC5qjhT0ddjHqe64o
Julian Cope,All the Blowing-Themselves-Up Motherfuckers (Will Realise the Minute They Die That They Were Suckers),2008,Politics and protest,-
Elvis Costello,Tramp the Dirt Down,1989,Politics and protest,http://open.spotify.com/track/2pvGHaskdT2ZrKlXCVr03g
Bing Crosby,Brother Can You Spare a Dime?,1932,Politics and protest,http://open.spotify.com/track/2Ei1sEtJU0ENRvk3sKZx0X
"Crosby, Stills, Nash and Young",Ohio,1970,Politics and protest,http://open.spotify.com/track/0eFqH9smOTiNNecXMpFIi2
Dan Le Sac vs Scroobius Pip,Thou Shalt Always Kill,2007,Politics and protest,http://open.spotify.com/track/2dG4zJhjTK9BkcQQTM9A57
Dead Kennedys,California Über Alles,1979,Politics and protest,http://open.spotify.com/track/5szJ8SMwQVEvvdk65w6M6g
The Decemberists,16 Military Wives,2005,Politics and protest,http://open.spotify.com/track/5apLxy6Ko3gkOw8YtavIoe
The Disposable Heroes of Hiphoprisy,Television: The Drug of the Nation,1991,Politics and protest,http://open.spotify.com/track/4ktMrTwZD42cZThzZlHcgT
Dixie Chicks,Not Ready to Make Nice,2006,Politics and protest,http://open.spotify.com/track/65SgC0WRidtEYjWp4wwBDs
Bob Dylan,Hurricane,1975,Politics and protest,http://open.spotify.com/track/6ZRnk0vJtbgbReepK6m469
Bob Dylan,Maggie’s Farm,1965,Politics and protest,http://open.spotify.com/track/594Kh8VcfpZgFqeWrtlNnP
Bob Dylan,Masters of War,1963,Politics and protest,http://open.spotify.com/track/56inmm09BxbQvjZfSexaSM
Bob Dylan,The Times They Are a-Changin’,1964,Politics and protest,http://open.spotify.com/track/2zlP1bRIxUiEjApkELiGYd
Bob Dylan,When the Ship Comes In,1964,Politics and protest,http://open.spotify.com/track/0ILmjZkTZsPKjsZaEPmatw
Steve Earle,John Walker’s Blues,2002,Politics and protest,-
Eminem,Role Model,1999,Politics and protest,http://open.spotify.com/track/3mUVtVZZJXmjZTUBvfQ4ik
Faith No More,We Care a Lot,1985,Politics and protest,http://open.spotify.com/track/2bg3JPk02VNXWxEnrWHbSL
Frankie Goes To Hollywood,Two Tribes,1984,Politics and protest,-
Aretha Franklin,Respect,1967,Politics and protest,http://open.spotify.com/track/3OYh9wHWqWD6bpmO3WQNlM
Bobby Fuller Four,I Fought the Law,1965,Politics and protest,http://open.spotify.com/track/6Um3XCAxl9YfFmAnGl93xc
Dick Gaughan,Víctor Jara of Chile,1985,Politics and protest,-
Marvin Gaye,Mercy Mercy Me (The Ecology),1971,Politics and protest,http://open.spotify.com/track/72rvx9ydiRGPjvE9Hy1Fi5
Marvin Gaye,What’s Going On?,1971,Politics and protest,http://open.spotify.com/track/42PyxnviKRfOa8z39g8aZj
Grandmaster Flash and the Furious Five,The Message,1982,Politics and protest,http://open.spotify.com/track/5DuTNKFEjJIySAyJH1yNDU
Cast of Grange Hill,Just Say No,1986,Politics and protest,-
Green Day,American Idiot,2004,Politics and protest,http://open.spotify.com/track/6nTiIhLmQ3FWhvrGafw2zj
Woody Guthrie,This Land Is Your Land,1944,Politics and protest,http://open.spotify.com/track/7CNaYAdLyi86kofGafReiT
Merle Haggard,Okie from Muskogee,1969,Politics and protest,http://open.spotify.com/track/1BlR9w48cl5fBtebabidTM
Mick Hanly with Christy Moore,On the Blanket,1980,Politics and protest,-
Paul Hardcastle,19,1985,Politics and protest,http://open.spotify.com/track/1xZchmfxPkalmqr9i0E138
Jimi Hendrix,The Star-Spangled Banner,1969,Politics and protest,http://open.spotify.com/track/5l3d4azo71WotmWhRc1zqM
Heaven 17,(We Don’t Need) This Fascist Groove Thang,1981,Politics and protest,http://open.spotify.com/track/05cKish3faAXVGK3B4wcwl
Billie Holliday,Strange Fruit,1939,Politics and protest,http://open.spotify.com/track/67q3zVsJsPRks4k0eomEWy
The Impressions,Check Out Your Mind,1970,Politics and protest,http://open.spotify.com/track/112ofK4eq7gS0gRqNNxQMM
The Impressions,People Get Ready,1965,Politics and protest,http://open.spotify.com/track/1MlXd4giftxXZgeMItb3PQ
The Jam,The Eton Rifles,1979,Politics and protest,http://open.spotify.com/track/3Q1p4GBjyj6n54oFBCicwB
The Jam,Going Underground,1980,Politics and protest,http://open.spotify.com/track/0hhikHUpfUlMBRD2gSf0mu
Country Joe and the Fish,The “Fish” Cheer/I-Feel-Like-I’m-Fixin’-to-Die Rag,1967,Politics and protest,-
The Kinks,The Village Green Preservation Society,1968,Politics and protest,-
Fela Kuti,Zombie,1977,Politics and protest,http://open.spotify.com/track/0tOqZJsRP90T91Jx4pzAjB
Talib Kweli,The Proud,2002,Politics and protest,http://open.spotify.com/track/5TrG4AXuPoVnw7QQnira5J
Leadbelly,The Bourgeois Blues,1938,Politics and protest,http://open.spotify.com/track/4gMvW0NSjknhTQOsIIFIkQ
John Lennon,Give Peace a Chance,1969,Politics and protest,-
Ewan MacColl,The Ballad of Sharpeville,1960,Politics and protest,-
Barry McGuire,Eve of Destruction,1965,Politics and protest,http://open.spotify.com/track/56PQfk2z3WaHJFTaz17kBo
Madonna,Material Girl,1985,Politics and protest,http://open.spotify.com/track/37HSCAcjOpQ31XRoeMCa60
Johnny Mandel,Suicide Is Painless (Theme from M*A*S*H),1970,Politics and protest,-
Bob Marley,Redemption Song,1980,Politics and protest,http://open.spotify.com/track/0RiNfhn21ykBakicd7igLK
Bob Marley and the Wailers,Zimbabwe,1979,Politics and protest,http://open.spotify.com/track/3saDCpULymKQcyY8Ia0ULi
MC5,Kick Out the Jams,1968,Politics and protest,http://open.spotify.com/track/3MVHpVZrmLyxvWFeN9fooF
Joni Mitchell,Big Yellow Taxi,1970,Politics and protest,http://open.spotify.com/track/3DYrWKfm5gYCqXyH608Lmd
The Mothers of Invention,Trouble Every Day,1966,Politics and protest,-
Junior Murvin,Police and Thieves,1976,Politics and protest,http://open.spotify.com/track/3cnvTMZRhkbzea0KC4Y4We
Randy Newman,Short People,1977,Politics and protest,http://open.spotify.com/track/6emIUUgOV0lPgUYbJ1RZ7I
NWA,Fuck tha Police,1988,Politics and protest,http://open.spotify.com/track/5Fdj7YRwgfP6HcIK0e8NP1
Phil Ochs,I Ain’t Marching Anymore,1965,Politics and protest,http://open.spotify.com/track/1IA8LarhcLMkwsI7wP0QQl
Pixies,Monkey Gone to Heaven,1989,Politics and protest,http://open.spotify.com/track/2VX2QRAGKPyqMZU8cFZ3Ib
The Pogues,Streets of Sorrow/Birmingham Six,1988,Politics and protest,http://open.spotify.com/track/2k4Gltjyhvfe9yCHN99tyD
Elvis Presley,In the Ghetto,1969,Politics and protest,http://open.spotify.com/track/7na7MmpePvl0nErQIQteBG
Primal Scream,Come Together,1990,Politics and protest,http://open.spotify.com/track/47VwP5BLMrkHLNX7Dx4f8L
Prince,Sign o’ the Times,1987,Politics and protest,http://open.spotify.com/track/4Yenz5JZZOUiZSeyKY8bDz
John Prine,Sam Stone,1971,Politics and protest,-
Public Enemy,Bring the Noise,1987,Politics and protest,http://open.spotify.com/track/7Lc8L0BZVmxKT57OhQQesA
Public Enemy,Fight the Power,1989,Politics and protest,http://open.spotify.com/track/3WsrkrLMD8vWmz5RyD6n9e
Rage Against the Machine,Killing in the Name,1992,Politics and protest,http://open.spotify.com/track/2bzT8XRcAaQ3IZdrT6RogY
Blind Alfred Reed,How Can a Poor Man Stand Such Times and Live?,1929,Politics and protest,http://open.spotify.com/track/0kKl93KcM7R4qtU7wp4ake
REM,Fall On Me ,1986,Politics and protest,http://open.spotify.com/track/3HiNG3o66L2FbsM8Y7Sg6D
Tom Robinson,Glad to Be Gay,1978,Politics and protest,http://open.spotify.com/track/15mRglwFDmZEF5D0HfsiaQ
The Rolling Stones,Street Fighting Man,1968,Politics and protest,http://open.spotify.com/track/7eZ2NUG1G7SKssQqt4uRcy
Diana Ross,I’m Coming Out,1980,Politics and protest,http://open.spotify.com/track/0ew27xRdxSexrWbODuLfeE
Buffy Sainte-Marie,Now That The Buffalo's Gone,1964,Politics and protest,http://open.spotify.com/track/6yacBc7zjbSG2ebrwtLhtJ
Nitin Sawhney,Days of Fire,2008,Politics and protest,-
Gil Scott-Heron,Whitey On the Moon,1970,Politics and protest,http://open.spotify.com/track/0Ko176OJTtK3ubUtzdXINI
Pete Seeger,We Shall Overcome,1963,Politics and protest,http://open.spotify.com/track/4LLjj2lFgaSWsHw7uWDqDj
Peggy Seeger,I’m Gonna Be an Engineer,1973,Politics and protest,http://open.spotify.com/track/1bXhsrCeznTkbigKIqVIQq
Sex Pistols,Anarchy in the UK,1976,Politics and protest,http://open.spotify.com/track/7KwdlMKVUyMsyrL523djBl
Sex Pistols,God Save the Queen,1977,Politics and protest,http://open.spotify.com/track/7mkLlx81e3LaCrPVZYOBCT
Sham 69,If the Kids Are United,1977,Politics and protest,http://open.spotify.com/track/2ZybCRD7fboSUv7HkXyjuN
Sheffield Socialist Choir,The Internationale,1992,Politics and protest,-
Nina Simone,"To Be Young, Gifted and Black",1970,Politics and protest,http://open.spotify.com/track/3btkTbTgRXJjVSwSC3RHZe
Sly and the Family Stone,"Don’t Call Me Nigger, Whitey",1969,Politics and protest,http://open.spotify.com/track/2go5vzzDZP7KBrjQXK4KLr
Sonic Youth,Swimsuit Issue,1992,Politics and protest,http://open.spotify.com/track/0imXml1hX6wo9xGfCV6n8M
Spacemen 3,Revolution,1989,Politics and protest,-
The Specials,Ghost Town,1981,Politics and protest,http://open.spotify.com/track/7iOA86nwA7RF3GwMa93H0v
The Special AKA,Free Nelson Mandela,1984,Politics and protest,http://open.spotify.com/track/57mY4qUaUegA3jvoyoz7oT
Bruce Springsteen and the E Street Band,American Skin (41 Shots),2000,Politics and protest,http://open.spotify.com/track/541WSNfHqYIzq61XXWQJJl
Bruce Springsteen,Born in the USA,1984,Politics and protest,http://open.spotify.com/track/36b2xkXNJKRCWeUrsC3jyQ
Edwin Starr,War,1970,Politics and protest,http://open.spotify.com/track/0cs3dkKsYJwdauvRRJaCOm
Steppenwolf,Monster,1969,Politics and protest,http://open.spotify.com/track/5gN9AKEIJgccrIBBMCKs68
Stiff Little Fingers,Suspect Device,1978,Politics and protest,http://open.spotify.com/track/7Ig7b1MJJKbNyTxLU6u9rZ
Super Furry Animals,The Man Don’t Give a Fuck,1996,Politics and protest,http://open.spotify.com/track/00QZGqUswem6nUiqAKs6Po
The Staple Singers,Long Walk to DC,1968,Politics and protest,http://open.spotify.com/track/7yDbI673oElwJy891HuBHZ
Cat Stevens,Peace Train,1971,Politics and protest,http://open.spotify.com/track/0kPj8oXqC8iz8AYJc3UUka
Rod Stewart,The Killing of Georgie (Part I and II),1976,Politics and protest,http://open.spotify.com/track/1VcmUcqIu77SOnRjAvbFTc
System Of A Down,BYOB,2005,Politics and protest,http://open.spotify.com/track/5b5R8oiVflR4vW9sFc8q3W
Richard Thompson,Dad’s Gonna Kill Me,2007,Politics and protest,http://open.spotify.com/track/65fzTuQr4DhjQATlRq0u8Q
Peter Tosh,Legalize It,1976,Politics and protest,http://open.spotify.com/track/3j4f5c97RD6GxVeUySXyUd
Tupac,Keep Ya Head Up,1993,Politics and protest,http://open.spotify.com/track/73hn54pVkteT7E2CrdAlvU
U2,Sunday Bloody Sunday,1983,Politics and protest,http://open.spotify.com/track/7JLEWweiny60arxyKTKIwl
USA for Africa,We Are the World,1985,Politics and protest,-
The Wailers,"Get Up, Stand Up",1973,Politics and protest,http://open.spotify.com/track/4xAMYRrgL5JaaR57g2cPrS
Tom Waits,The Day After Tomorrow,2004,Politics and protest,http://open.spotify.com/track/6ipRDQPnSMst9V3wVQjVGg
Scott Walker,The Old Man’s Back Again (Dedicated to the Neo-Stalinist Regime),1969,Politics and protest,http://open.spotify.com/track/23LS90srRC3n86OWgUBUQx
Wham!,Wham Rap! (Enjoy What You Do),1982,Politics and protest,http://open.spotify.com/track/0kA7p1R4Cx6CMpUG4tPKfI
The Who,My Generation,1965,Politics and protest,http://open.spotify.com/track/4kxrawSkeAoJiASQArwqYO
Stevie Wonder,You Haven’t Done Nothin’,1974,Politics and protest,http://open.spotify.com/track/6iNsJeA9xAbfiGAOzsI93H
Chris Wood,The Cottager’s Reply,2008,Politics and protest,-
World Domination Enterprises,Asbestos Lead Asbestos,1985,Politics and protest,-
Robert Wyatt,Shipbuilding,1982,Politics and protest,-
Thom Yorke,Harrowdown Hill,2006,Politics and protest,http://open.spotify.com/track/2C3xIudHEjCIS5KT4JuM0b
Neil Young,Rockin’ in the Free World,1989,Politics and protest,http://open.spotify.com/track/66DoazlvE7LmUT47pfLQam
Neil Young,Southern Man,1970,Politics and protest,http://open.spotify.com/track/1JqNtFOi0K8xUpfeNHMPJz
Abyssinians,Satta Massagana,1971,Life and death,http://open.spotify.com/track/27adNyPtau6RYDGsUbXEo4
Aerosmith,Dream On,1973,Life and death,http://open.spotify.com/track/2WZbjDTXP78H9xq58cnSWF
Arctic Monkeys,Fluorescent Adolescent,2007,Life and death,http://open.spotify.com/track/1ng9LjmY5V6Wzk9HJqB9FI
Louis Armstrong,St James Infirmary Blues,1928,Life and death,http://open.spotify.com/track/7J76OkHtp3A7ufswzoXdT1
Louis Armstrong,What a Wonderful World,1968,Life and death,http://open.spotify.com/track/2ZeRwblv2s82MQKvLoEzeV
The Beach Boys,In My Room,1963,Life and death,http://open.spotify.com/track/0sL9QSjcOMNdU829l7pNb0
The Beatles,Yer Blues,1968,Life and death,-
The Beatles,Yesterday,1965,Life and death,-
Look Up,Chris Bell,1974,Life and death,-
Black Sabbath,Paranoid,1970,Life and death,http://open.spotify.com/track/7eWOuDHQOa6lNLLtQSMIdN
The Blue Nile,Happiness,1996,Life and death,http://open.spotify.com/track/4QNFOoqcwSW0gH9JURiPnV
(Don’t Fear) The Reaper,Blue Öyster Cult,1976,Life and death,http://open.spotify.com/track/2NL4BBBSgypHnxUKmQdYcT
Blur,This Is a Low,1994,Life and death,http://open.spotify.com/track/1aQZJlD0KtNgZBkC74mTkd
David Bowie,Kooks,1971,Life and death,http://open.spotify.com/track/4t1XVKQQxxutKSQxBU1ajq
David Bowie,Never Get Old,2003,Life and death,-
Kate Bush,Bertie,2005,Life and death,http://open.spotify.com/track/1DoPTuunqTabblM4DTXBUT
The Byrds,Goin’ Back,1968,Life and death,http://open.spotify.com/track/27sI9GC4xswPEHxBDZU7lZ
John Cale and Lou Reed,Work,1990,Life and death,-
The Carter Family,Will the Circle Be Unbroken (By and By),1935,Life and death,-
Nick Cave and the Bad Seeds,The Mercy Seat,1988,Life and death,http://open.spotify.com/track/7i4motUtsM4VFIH5XEPJRR
Chairmen of the Board,I’m On My Way to a Better Place,1972,Life and death,-
If I Could Turn Back Time,Cher,1989,Life and death,http://open.spotify.com/track/0A8HK5hV5SgywiKKrBPKDU
Eddie Cochran,C’mon Everybody,1958,Life and death,http://open.spotify.com/track/1q2JUOBJqs0ezWvf0Rkm4f
John Coltrane Quartet,My Favorite Things,1961,Life and death,http://open.spotify.com/track/5bKWHp2AY6aMtYMBVBL21F
Alice Cooper,School’s Out,1972,Life and death,http://open.spotify.com/track/1ad6vKBg5pzyM9oCQ0M9Fg
The Congos,Fisherman,1977,Life and death,http://open.spotify.com/track/00m6N23ZTNEtsg65N1WcDV
Elvis Costello and the Imposters,My Three Sons,2008,Life and death,http://open.spotify.com/track/42dcvzRNIHgvWpKhjyTOlL
Kid Creole and the Coconuts,"Annie, I’m Not Your Daddy",1982,Life and death,http://open.spotify.com/track/5paJLghWSGmEf6sY7LeYel
My Favourite Girl,King Creosote,2005,Life and death,http://open.spotify.com/track/4oBGNxAAZzpPh1FiA6BPxj
The Crickets,That’ll Be the Day,1957,Life and death,http://open.spotify.com/track/1EsziXsEVchm2bueFMIzax
The Cure,Killing an Arab,1978,Life and death,http://open.spotify.com/track/4kE10gVBAweSufT8XOcdWv
Depeche Mode,Personal Jesus,1989,Life and death,http://open.spotify.com/track/70CZdyut5PuhQWgf1lkGXX
Chris Difford,Fat As a Fiddle,2008,Life and death,-
Mark Dinning,Teen Angel,1959,Life and death,-
Donovan,Sunshine Superman,1966,Life and death,http://open.spotify.com/track/6HPxuDcDYHPAfyxIm796Cd
Lee Dorsey,Working in a Coal Mine,1966,Life and death,http://open.spotify.com/track/5GR1Jj5ahZtoR6WqyM5LP4
Nick Drake,Black Eyed Dog,1986,Life and death,http://open.spotify.com/track/5QU5nNPIPvNS0NtWLNfcuO
Herman Düne,Not On Top,2005,Life and death,-
Bob Dylan,Death Is Not the End,1988,Life and death,-
Bob Dylan,Every Grain of Sand,1981,Life and death,-
Bob Dylan,Forever Young,1974,Life and death,http://open.spotify.com/track/1xOqdmOQsvP0dwZL5d46WA
Bob Dylan,Knockin’ On Heaven’s Door,1973,Life and death,http://open.spotify.com/track/0BemTX3XUeTyL8UgICqjkj
Bob Dylan,The Lonesome Death of Hattie Carroll,1964,Life and death,-
Steve Earle,Lonelier Than This,2000,Life and death,-
The Everly Brothers,Ebony Eyes,1961,Life and death,http://open.spotify.com/track/4eZfC3Dda1SNsNAgMxoKXN
Ella Fitzgerald,Summertime,1959,Life and death,http://open.spotify.com/track/6igoGVFPInRBwkf4YawNRu
Warren G and Nate Dogg,Regulate,1994,Life and death,http://open.spotify.com/track/5EEOjaJyWvfMglmEwf9bG3
Marvin Gaye,Save the Children,1971,Life and death,http://open.spotify.com/track/5k2Q94JSvf3gpYIibSz8I4
Bobbie Gentry,"Glory Hallelujah, How They’ll Sing",1969,Life and death,-
Geto Boys,Mind Playing Tricks On Me,1991,Life and death,-
Astrud Gilberto,So Nice (Summer Samba),1966,Life and death,http://open.spotify.com/track/155rAbTUh7q24pynaJsQLu
Al Green,Tired of Being Alone,1971,Life and death,-
Norman Greenbaum,Spirit in the Sky,1969,Life and death,-
Merle Haggard,Workin’ Man’s Blues,1969,Life and death,http://open.spotify.com/track/5TJ2aQyvZIexiWunUdKxka
George Harrison,All Things Must Pass,1970,Life and death,-
Screamin’ Jay Hawkins,I Hear Voices,1962,Life and death,http://open.spotify.com/track/5kM2F1fbpN9wPhYhVOPDTv
The Jimi Hendrix Experience,Hey Joe,1966,Life and death,http://open.spotify.com/track/4wCeZzV2w2s7QwNRZQRDhU
The Hold Steady,Stuck Between Stations,2006,Life and death,http://open.spotify.com/track/4wp6Zi8ugh2aso4J3XnXln
Billie Holiday,Gloomy Sunday,1941,Life and death,http://open.spotify.com/track/3kksPdaT31d5IcoP6GPu5I
Hüsker Dü,These Important Years,1987,Life and death,http://open.spotify.com/track/3a70lhNaUyjEFp8LKlMpxU
Ice Cube,Dead Homiez,1990,Life and death,http://open.spotify.com/track/69lcL9wMsC5TX0gtSZxX8h
Inner City,Good Life,1988,Life and death,http://open.spotify.com/track/5sJiLlgQKBL81QCTOkoLB5
The Number of the Beast,Iron Maiden,1982,Life and death,http://open.spotify.com/track/7gs3FWszkPUxBogi7oyt1y
Terry Jacks,Seasons in the Sun,1974,Life and death,-
Needle of Death,Bert Jansch,1965,Life and death,http://open.spotify.com/track/2Er04cz8zf7sjBd2e3v54g
Anthony Johnson,Gun Shot,1982,Life and death,http://open.spotify.com/track/2H6mTlLxYjy4rMh2Rblvs5
LCD Soundsystem,Losing My Edge,2002,Life and death,http://open.spotify.com/track/57QpgJA1yNN5DyhYaN4x4p
LCD Soundsystem,Someone Great,2007,Life and death,http://open.spotify.com/track/2VGDntFPvgvqSiUf9ITEfW
Led Zeppelin,Gallows Pole,1970,Life and death,-
John Lennon,God,1970,Life and death,-
Barrington Levy,Here I Come,1985,Life and death,http://open.spotify.com/track/4oKntjpTrsvHoQSCv6SxPV
The Louvin Brothers,Knoxville Girl,1959,Life and death,http://open.spotify.com/track/4MEyZH8XHQUd0vieDbOa6O
Love,Alone Again Or,1967,Life and death,http://open.spotify.com/track/6hXHOrhKW9dgQt35Mc5dCb
Baggy Trousers,Madness,1980,Life and death,-
Manic Street Preachers,La Tristesse Durera (Scream to a Sigh),1993,Life and death,http://open.spotify.com/track/0OqifMNuR0aWjFoQThlVAZ
John Martyn,May You Never,1973,Life and death,http://open.spotify.com/track/47qIZIE8m5zcjmpJL7DSS9
Massive Attack,Safe from Harm,1991,Life and death,http://open.spotify.com/track/0Nj4Fadx3sCE0QtBvHKDhM
Metallica,Fade to Black,1984,Life and death,-
Nas,Life’s a Bitch,1994,Life and death,http://open.spotify.com/track/6s9Nl0vMsUhdYO1fbmrGQO
Naturally 7,Feel It (In the Air Tonight),2006,Life and death,http://open.spotify.com/track/5tr7iRvlbeXhJxCsYpleIb
Randy Newman,God’s Song (That’s Why I Love Mankind),1972,Life and death,http://open.spotify.com/track/0gvmUlKbABaYKEtOV40aA8
Nirvana,Lithium,1991,Life and death,http://open.spotify.com/track/2DrEeo4eMULdAVe1U7P9PB
The Notorious BIG,Mo Money Mo Problems,1997,Life and death,http://open.spotify.com/track/2XncSBceg7BwEpbWVI6FLi
The Notorious BIG,Suicidal Thoughts,1994,Life and death,http://open.spotify.com/track/5k8VqtBhkbAYakV5ZEFYNo
Gilbert O’Sullivan,Alone Again (Naturally),1972,Life and death,-
Live Forever,Oasis,1994,Life and death,-
Orbital,Satan,1991,Life and death,-
OutKast,Ms Jackson,2000,Life and death,http://open.spotify.com/track/7KAERELHmBqhdmVJHcgSrb
Dolly Parton,9 to 5,1980,Life and death,http://open.spotify.com/track/5UWYJWoVXRpaLuzzXmHqg8
Pink Floyd,"Another Brick in the Wall, Part II",1979,Life and death,-
The Police,Message in a Bottle,1979,Life and death,http://open.spotify.com/track/33MxZySx17wtJmXUeQwrdG
Portishead,Glory Box,1994,Life and death,http://open.spotify.com/track/1kP7mnqqSsCxmIqHnr2m20
Portishead,Sour Times,1994,Life and death,http://open.spotify.com/track/0vKW55N3nrlWCD4U3YTwaH
Lloyd Price,Stagger Lee,1958,Life and death,http://open.spotify.com/track/3CrbWMJbTlI9T4pB7p5J35
Radiohead,Paranoid Android,1997,Life and death,http://open.spotify.com/track/2EuMREhmnIPQFaqXUH5yPu
Otis Redding,(Sittin’ On) The Dock of the Bay,1968,Life and death,http://open.spotify.com/track/0y8h1AJzI4y7UxzX5xdVpo
The Rolling Stones,Paint it Black,1966,Life and death,http://open.spotify.com/track/29njOUf53Vc91WEeya44vO
Scarface,I Seen a Man Die,1994,Life and death,-
Paul Simon,Me and Julio Down By the Schoolyard,1972,Life and death,http://open.spotify.com/track/1XU3s83WnD0EZh6KZHNLEX
Nina Simone,Feeling Good,1965,Life and death,http://open.spotify.com/track/0XaVWd4MhlnxT6uUpFV501
Frank Sinatra,It Was a Very Good Year,1965,Life and death,http://open.spotify.com/track/5lDcHK1FUDAQnMrvMGsGvA
Patti Smith,Piss Factory,1974,Life and death,http://open.spotify.com/track/4jue8yd6Ct7191KkADXyzO
Smog,Dress Sexy at My Funeral,2000,Life and death,-
Sonic Youth,100%,1992,Life and death,http://open.spotify.com/track/22FuG2QEbazTAzzSBOULk4
Bruce Springsteen,No Surrender,1984,Life and death,http://open.spotify.com/track/5eMjyo7t0lAl5PobsAqSe2
Ralph Stanley,O Death,2000,Life and death,-
Talking Heads,Once in a Lifetime,1980,Life and death,http://open.spotify.com/track/7CIYGsVYYqUyNnwmU2bc32
Talking Heads,Psycho Killer,1977,Life and death,http://open.spotify.com/track/1F9RobwaMi1mimBs0hW3kB
The The,This Is the Day,1983,Life and death,http://open.spotify.com/track/5O7RVmqK3AYoFfyeafxOqH
Irma Thomas,Wish Someone Would Care,1964,Life and death,http://open.spotify.com/track/4gyA9RzfJvZRw7YDDPJRZO
Richard and Linda Thompson,The End of the Rainbow,1974,Life and death,http://open.spotify.com/track/4A1SdZ4anubLlSu1NRtQuZ
Tupac,I Ain’t Mad at Cha,1996,Life and death,http://open.spotify.com/track/5IruGb6BKWcB7hpPnj4YQO
Tupac - as Makaveli,Hail Mary,1997,Life and death,http://open.spotify.com/track/2jNlqJV2GnmKosuuvJS8RY
U2,Exit,1987,Life and death,http://open.spotify.com/track/7EyUsCwlxmxIib6CWWSo76
U2,One,1992,Life and death,http://open.spotify.com/track/4lnFwlk4m7hhFHCWmMbLqW
Frankie Valli and the Four Seasons,Walk Like a Man,1963,Life and death,http://open.spotify.com/track/3ebFVCEIcB3zW9RbnHk28D
The Velvet Underground,Jesus,1969,Life and death,http://open.spotify.com/track/030AxdYEncwjWPZGEL2fDa
Loudon Wainwright III,Rufus Is a Tit Man,1975,Life and death,http://open.spotify.com/track/7ELRQhh1oVMPQCPUiUqrvH
Tom Waits,Martha,1973,Life and death,http://open.spotify.com/track/2r0SdO3iOO3dmmVUdwzwzD
The Waterboys,You in the Sky,2006,Life and death,-
Mae West,Frankie and Johnny,1928,Life and death,-
Paul Westerberg,23 Years Ago,2004,Life and death,http://open.spotify.com/track/40C20xZeOnu64jvXMTJ1ZL
Bill Withers,Grandma’s Hands,1971,Life and death,http://open.spotify.com/track/1qfDfZAvrkSAFrAR2FTQDv
Scott Walker,My Death,1967,Life and death,http://open.spotify.com/track/4mL9NVLLrBJz1kmrM2M5qd
Paul Weller,Moon On Your Pyjamas,1993,Life and death,-
Hank Williams,I’m So Lonesome I Could Cry,1949,Life and death,http://open.spotify.com/track/3bAWaK1KyeFpww4xK8ztyO
Hank Williams,My Son Calls Another Man Daddy,1950,Life and death,http://open.spotify.com/track/5wZhj1LcXztboIh3T1VgMw
Stevie Wonder,Don’t You Worry ‘Bout a Thing,1973,Life and death,-
X-Ray Spex,Germ Free Adolescents,1978,Life and death,http://open.spotify.com/track/0h0TIuu7EHy43Cw3aEETjF
Old Man,Neil Young,1972,Life and death,http://open.spotify.com/track/2AylP2SrOxus7LieLnzUQG
Keep Me in Your Heart,Warren Zevon,2003,Life and death,-
808 State,Pacific State,1989,Party songs,-
Abba,Dancing Queen,1976,Party songs,http://open.spotify.com/track/2rgqPSIRAfaO2MGo9smdSX
AC/DC,Back in Black,1980,Party songs,-
Afroman,Because I Got High,2001,Party songs,http://open.spotify.com/track/5ztUVSEAJKW6lw4X03ae48
Althea and Donna,Uptown Top Ranking,1977,Party songs,http://open.spotify.com/track/34zWZOSpU2V1ab0PiZCcv4
Aphex Twin,Windowlicker,1999,Party songs,-
Arctic Monkeys,I Bet You Look Good On the Dancefloor,2005,Party songs,http://open.spotify.com/track/5U2OpjVE3r64Nm8tyR2T9S
The Artful Dodger featuring Craig David,Re-Rewind,1999,Party songs,http://open.spotify.com/track/0rKbtHLiAeta9tnONNYlAC
Ashford and Simpson,Bourgie Bourgie ,1979,Party songs,http://open.spotify.com/track/2qwFWKUwT7SqADAWtWEn1s
ATB,9pm (Till I Come),1999,Party songs,http://open.spotify.com/track/1CgbwsrNDlFrRuk2ebQ7zr
The B-52’s,Love Shack,1989,Party songs,http://open.spotify.com/track/0OyTSpN4gGPSIDuGbKzMEu
Baccara,"Yes Sir, I Can Boogie",1977,Party songs,http://open.spotify.com/track/268jT4m5ztrceh5qdzpQ68
Beastie Boys,(You Gotta) Fight for Your Right (To Party),1987,Party songs,http://open.spotify.com/track/47jYDzCytZHNQkCEfs8Dgf
Bee Gees,Night Fever,1978,Party songs,http://open.spotify.com/track/66wpCqkkM6MrxXSbfgmsrh
Archie Bell and the Drells,Tighten Up,1968,Party songs,http://open.spotify.com/track/0qKCm8yeHoRJTpryDDQ9TT
Benga and Coki,Night,2007,Party songs,-
Björk,Big Time Sensuality,1993,Party songs,http://open.spotify.com/track/2MaZUlTMFaTWYH7VnQL6rk
Hamilton Bohannon,Let’s Start II Dance Again,1981,Party songs,-
David Bowie,Let’s Dance,1983,Party songs,http://open.spotify.com/track/2nIuUXnHHzS3wymUhJdVa8
Laura Branigan,Self Control,1984,Party songs,http://open.spotify.com/track/4bpHayutj5AejSwtEpyvUR
Johnny Bristol,Hang On in There Baby,1974,Party songs,http://open.spotify.com/track/03ZrvcYZGCYpimu6dYdhPY
Cannibal and the Headhunters,"Land of 1,000 Dances",1965,Party songs,http://open.spotify.com/track/0WRQZg69vaeU0fB2EHGAEw
Captain and Tennille ,Love Will Keep Us Together,1975,Party songs,http://open.spotify.com/track/10pcZvQ4QTKeHRvTUAeHVD
Irene Cara,Flashdance,1983,Party songs,http://open.spotify.com/track/4H1wVutCHT8Pncz6jWjVrg
Johnny Cash,Cocaine Blues,1968,Party songs,http://open.spotify.com/track/6ogJG0epBYDCMb37n8z637
Ray Charles,Shake Your Tailfeather,1980,Party songs,-
Chic,Le Freak,1978,Party songs,http://open.spotify.com/track/4HHQNuSudz9yv7piGFMchm
Class Action,Weekend,1981,Party songs,-
Commodores,Machine Gun,1974,Party songs,http://open.spotify.com/track/2INLSpeJq53F0HtnNHV3Ad
Arthur Conley,Sweet Soul Music,1967,Party songs,http://open.spotify.com/track/0pvA063uNyGQFp7DNtmk0P
Cornershop,Brimful of Asha,1997,Party songs,http://open.spotify.com/track/3Zh5cecN8TqelTN30SJUww
The Cramps,Drug Train,1980,Party songs,http://open.spotify.com/track/4a61QVxWahKxq40GtkcS3x
Crystal Mansion,Somebody Oughta Turn Your Head Around,1972,Party songs,-
Daft Punk,Da Funk,1995,Party songs,http://open.spotify.com/track/0MyY4WcN7DIfbSmp5yej5z
Roy Davis Jr,Gabriel,1998,Party songs,-
Deee-Lite,Groove Is in the Heart,1990,Party songs,http://open.spotify.com/track/2UVLuddklEVak5PXgC7baA
Depeche Mode,Just Can’t Get Enough,1981,Party songs,http://open.spotify.com/track/4DAEaxpxKJy0Hq5mAiEnOO
Devo,Whip It,1980,Party songs,http://open.spotify.com/track/6QG0wcgoCsa9pqFyTg0rRO
Manu Dibango,Soul Makossa,1972,Party songs,http://open.spotify.com/track/4JaOd0NUBTckYFZMguuY7M
Dillinger,Cokane in My Brain,1976,Party songs,http://open.spotify.com/track/4qhRH8f3Du6ooDZFaKou45
Doobie Brothers,Long Train Runnin’,1973,Party songs,http://open.spotify.com/track/6DwWChkbqCyv1wwflMkLRZ
Ian Dury and the Blockheads,Hit Me With Your Rhythm Stick,1978,Party songs,-
"Earth, Wind and Fire",Boogie Wonderland,1979,Party songs,http://open.spotify.com/track/0jyElqUm59deyol951jPsr
Electribe 101,Talking With Myself,1988,Party songs,http://open.spotify.com/track/3f51nzhw9mL1iUUYehPYCg
Electric Light Orchestra,Livin’ Thing,1976,Party songs,http://open.spotify.com/track/7l6rfNKHyD8MsXkJztfzFi
Shirley Ellis,The Clapping Song,1965,Party songs,-
Fatman Scoop featuring the Crooklyn Clan,Be Faithful,1999,Party songs,-
First Choice,Doctor Love,1977,Party songs,-
Flanders and Swann,The Gnu,1959,Party songs,http://open.spotify.com/track/52HRCPyzVqut2PK1IglGje
Flight of the Conchords,Think About It (What Is Wrong With the World Today),2008,Party songs,http://open.spotify.com/track/2X9FjhzcAdujUqalXXXD27
Funkadelic,One Nation Under a Groove,1978,Party songs,-
Girls Aloud,Biology,2005,Party songs,http://open.spotify.com/track/5gVFOj7whQCfMoXNXePOIt
Gorillaz,Dare,2005,Party songs,http://open.spotify.com/track/4Hff1IjRbLGeLgFgxvHflk
Half Man Half Biscuit,All I Want for Christmas Is a Dukla Prague Away Kit,1986,Party songs,-
Herbie Hancock,Rokit,1983,Party songs,-
Happy Mondays,WFL (Think About the Future) ,1989,Party songs,http://open.spotify.com/track/3xI5fXGrMMvn8EZIdYxW56
Richie Havens,Back to My Roots,1981,Party songs,http://open.spotify.com/track/6PFsub5iIJwrBb8qBRqmiV
Hot Chip,Over and Over,2006,Party songs,http://open.spotify.com/track/6m5D7zGVbzAxceDXQTsRSX
House of Pain,Jump Around,1992,Party songs,http://open.spotify.com/track/2oTDOIAdsxPTE7yAp4YOcv
Indeep,Last Night a DJ Saved My Life,1982,Party songs,-
Michael Jackson,Don’t Stop ’Til You Get Enough,1979,Party songs,http://open.spotify.com/track/5NWKkTdkHSZalDaorymVHQ
Michael Jackson,Off the Wall,1979,Party songs,http://open.spotify.com/track/2qfiBST2NqT6PXnwaW9Gbn
Joan Jett and the Blackhearts,I Love Rock’n’Roll,1982,Party songs,-
Grace Jones,Nightclubbing,1981,Party songs,http://open.spotify.com/track/26aTdkjT06bukXYdJRuhtN
Grace Jones,Williams Blood (Aeroplane remix),2008,Party songs,-
Spike Jones and His City Slickers,Cocktails for Two,1944,Party songs,http://open.spotify.com/track/3JmwSgu1vxYXdblOJMXUQz
Joy Division,Transmission,1979,Party songs,http://open.spotify.com/track/69aXQyUnUC0BWgATlSWNB2
Justice v Simian,We Are Your Friends,2002,Party songs,http://open.spotify.com/track/2iJDCXpFPwxgFO6MBozHmb
Janet Kay,Silly Games ,1979,Party songs,http://open.spotify.com/track/4sBBSqBIG5gnlx95QQj4XH
The Kingsmen,Louie Louie,1963,Party songs,http://open.spotify.com/track/3VctpyG5B5Y6dbTep9NmOP
Klaxons,Golden Skans,2007,Party songs,http://open.spotify.com/track/0RG6G9tAMdFRASUf31TRxr
The Knack,My Sharona,1979,Party songs,http://open.spotify.com/track/1FTnBp64Iy26qERGibjknm
Kraftwerk,Numbers/Computer World 2,1981,Party songs,http://open.spotify.com/track/3WgqXxHygR2HMVDjwhy3rS
Fela Kuti,Upside Down,1976,Party songs,http://open.spotify.com/track/0dle66YE2om3mCgTguJLOK
Bappi Lahiri/Parvati Khan,Jimmy Jimmy Aaja,1982,Party songs,http://open.spotify.com/track/4I0v1IDuMR868pgT7y5PPM
Cyndi Lauper,Girls Just Want to Have Fun,1983,Party songs,http://open.spotify.com/track/7sMGwiS4vOMcz86ZY3vKYM
Lethal Bizzle,Pow! (Forward),2004,Party songs,http://open.spotify.com/track/37uFAVNwaRF7XUdByyJyNN
LFO,LFO,1990,Party songs,-
The Libertines,Can’t Stand Me Now,2004,Party songs,http://open.spotify.com/track/2cY5MaSgqNXLSkjGb5iRl1
Loose Joints,Is It All Over My Face,1980,Party songs,-
Lulu,Love Loves to Love Love,1967,Party songs,http://open.spotify.com/track/185Uc0jhEnHBZW1KYN9YCk
M,Pop Muzik,1979,Party songs,http://open.spotify.com/track/0SHbehTzk01RfLDVAVaCtA
Maceo and the Macks,Cross the Tracks (We Better Go Back),1975,Party songs,http://open.spotify.com/track/6n87nzWTGpNr26NbkNQoVv
Machine,There But for the Grace of God,1979,Party songs,-
Madonna,Beautiful Stranger,1999,Party songs,http://open.spotify.com/track/0FEVHpFTuSJUY59YQjZm2G
Madonna,Everybody,1982,Party songs,http://open.spotify.com/track/3i6PtDe9qmRDBEdSSpouBB
Madonna,Holiday,1983,Party songs,http://open.spotify.com/track/2T8cZAwbhrTVjGwZo5c7sK
George McCrae,Rock Your Baby,1974,Party songs,http://open.spotify.com/track/1lmfsSEuxU4PpT739Kihno
Malcolm McLaren,Buffalo Gals,1983,Party songs,http://open.spotify.com/track/4gCo2r1gCEw70OAq9cF1uW
Curtis Mayfield,Move On Up,1970,Party songs,http://open.spotify.com/track/6evohxlACvIJ6vAs1083NQ
Grandmaster Melle Mel,White Lines (Don’t Do It),1983,Party songs,-
MGMT,Kids,2008,Party songs,http://open.spotify.com/track/2IAcYOEnZWTn3yR6LDslRY
MIA,Paper Planes (DFA remix),2008,Party songs,http://open.spotify.com/track/2UZ6MDDg3y5fTAzQU3YYfo
Missy Elliott,4 My People,2001,Party songs,http://open.spotify.com/track/2er94TdlKpJSMZSc8qha09
Dudley Moore and Peter Cook,Bedazzled,1967,Party songs,-
Nelly,Hot in Herre,2002,Party songs,http://open.spotify.com/track/652F9V2xyoY43Pj8urZ4zM
New Order,True Faith,1987,Party songs,http://open.spotify.com/track/1n8WaWEUZx3GeknGwh02DC
Randy Newman,Short People,1977,Party songs,http://open.spotify.com/track/6emIUUgOV0lPgUYbJ1RZ7I
The Nolans,I’m in the Mood for Dancing,1979,Party songs,http://open.spotify.com/track/5ZfCBpUOj3guBzjQIsDhIr
Oasis,Cigarettes and Alcohol,1994,Party songs,-
Ol’ Dirty Bastard,Got Your Money,1999,Party songs,-
OutKast,Hey Ya!,2003,Party songs,http://open.spotify.com/track/4QhYssD3qdSGd5yqW0h7cI
Phuture,Acid Tracks,1987,Party songs,-
Pigbag,Papa’s Got a Brand New Pigbag,1981,Party songs,http://open.spotify.com/track/1t1kkvAe1iP5Xa6vCv3j9Z
Tullio De Piscopo,Stop Bajon (Primavera),1984,Party songs,http://open.spotify.com/track/1JcmMYyRAbj00Q90oHBsBr
Pitman,Witness the Pitness,2002,Party songs,-
The Pogues,Streams of Whiskey,1984,Party songs,http://open.spotify.com/track/4ftQUqPjuk4KtAIHqqYzmN
The Pointer Sisters,Jump (For My Love),1984,Party songs,http://open.spotify.com/track/59K6GctkD8lWljFYa8eE6D
The Pretenders,Brass in Pocket,1979,Party songs,http://open.spotify.com/track/3LRFgPsd8LwJb8TJchrAuO
Primal Scream,Loaded,1991,Party songs,http://open.spotify.com/track/5uWCPq3jVOuiun7Uku3wiU
Prince,1999,1983,Party songs,http://open.spotify.com/track/4CEKJRYtYDp0GPzw9JGZYX
Prince,Let’s Go Crazy,1984,Party songs,http://open.spotify.com/track/7050AA1cNN8s3482pgx2bO
The Prodigy,Out of Space,1992,Party songs,http://open.spotify.com/track/6XlhmDYOFPSWho2gib2F9z
Tito Puente,Hit the Bongo,1968,Party songs,-
Pulp,Sorted for Es and Wizz,1995,Party songs,http://open.spotify.com/track/6DEakx9CewGzF3u9UEyJvD
Queen,Now I’m Here,1974,Party songs,http://open.spotify.com/track/0s0i59YQo6TBJXEvxkoIfU
Queens of the Stone Age,Feel Good Hit of the Summer,2000,Party songs,http://open.spotify.com/track/48l5x5ghGRhz10rbuKrI0n
The Rapture,House of Jealous Lovers,2002,Party songs,http://open.spotify.com/track/7lsMHdLHRRkGElzVPn91ZW
Lionel Richie,All Night Long (All Night),1983,Party songs,http://open.spotify.com/track/7HcIV2tSBj8O8RtGed2ViS
Ce Ce Rogers,Someday,1987,Party songs,-
Roots Manuva,Witness (1 Hope),2001,Party songs,http://open.spotify.com/track/1qNpcgSkAWWbIBDDkwkqH1
Roxy Music,Virginia Plain,1972,Party songs,http://open.spotify.com/track/6b4wMiPcl21hL8owVgIshi
Rose Royce,Car Wash,1976,Party songs,http://open.spotify.com/track/1tJtx09XQnxaynZLOaTNfZ
Rufus featuring Chaka Khan,Once You Get Started,1974,Party songs,http://open.spotify.com/track/5jAhlLUmtIBRTzM3f1Im6r
Sapan Chakraborty,Baby Let’s Dance Together,1978,Party songs,-
Salsoul Orchestra,Runaway,1977,Party songs,-
Gil Scott-Heron,The Bottle,1974,Party songs,http://open.spotify.com/track/4lgCSMpVERwvfa9A8tDXJQ
Max Sedgley,Happy,2003,Party songs,http://open.spotify.com/track/4hIwQWVYQ3SMSjkVXrMJKv
Selector,On My Radio,1979,Party songs,http://open.spotify.com/track/3Qmtadha85zkLH1H9EGi3u
Shannon,Let the Music Play,1983,Party songs,http://open.spotify.com/track/5RgGHpa9S3txqJTxyRChx4
Artie Shaw,Begin the Beguine,1938,Party songs,http://open.spotify.com/track/7zZoN83WXRCiVCyzdCFihV
Pluto Shervington,Dat,1976,Party songs,-
Nina Simone,Gin House Blues,1975,Party songs,http://open.spotify.com/track/0aGprKPHGtQyQZ9RCQ9mNI
Sister Sledge,Lost in Music,1979,Party songs,http://open.spotify.com/track/3FnkIp37lBYvHljKemR6zp
Sister Sledge,He’s the Greatest Dancer,1979,Party songs,http://open.spotify.com/track/5MuNxNox3zTanAFIO5KcTl
Skee-Lo,I Wish,1995,Party songs,-
Sly and the Family Stone,Dance to the Music,1968,Party songs,http://open.spotify.com/track/6W9t1lhkATr4XrnXXgL2CV
The Specials,Nite Klub,1979,Party songs,http://open.spotify.com/track/2wpQZvvrg6zUBPPBdWgcLK
Sylvester,You Make Me Feel (Mighty Real),1978,Party songs,http://open.spotify.com/track/0DY0B9PkxKFVs0YagNcAC4
Wayne Smith,(Under Mi) Sleng Teng,1985,Party songs,http://open.spotify.com/track/3l9oTzHXnAJcg4x2jU6DvX
The Smiths,How Soon Is Now?,1985,Party songs,-
Soft Cell,Memorabilia,1982,Party songs,http://open.spotify.com/track/6nePlBdKTESydzjOEHt6vX
Sparks,Beat the Clock,1979,Party songs,-
The Spencer Davis Group,I’m a Man,1967,Party songs,http://open.spotify.com/track/7vRhkN9rpM0FtDhBdZypn4
Candi Staton,Young Hearts Run Free,1976,Party songs,http://open.spotify.com/track/3MFa9idQuY4iJLWsZl3tIQ
Sueño Latino,Sueño Latino,1989,Party songs,-
The Sundown Playboys,Saturday Nite Special,1972,Party songs,-
The Surfaris,Wipe Out,1962,Party songs,http://open.spotify.com/track/6uudeEvl6t5WrFgobojt3D
The Sugarhill Gang,Rapper’s Delight,1979,Party songs,http://open.spotify.com/track/1qb27ZTsi0gVxHteAjPOyD
T-Connection,Do What You Wanna Do,1977,Party songs,http://open.spotify.com/track/5PzK3L2Lm4mbo0H89CAWzg
Tears for Fears,Shout,1984,Party songs,http://open.spotify.com/track/4E1n2cvH7Wb7xZ568rHHNy
The Temptations,Cloud Nine,1968,Party songs,http://open.spotify.com/track/5yGqsTtt4oDRY1FdVsVqSL
The Ting Tings,Great DJ,2008,Party songs,http://open.spotify.com/track/3kmSzP8JUM4kUwPWbOFwqA
The Trammps,Disco Inferno,1976,Party songs,http://open.spotify.com/track/5jUA1njy3h6ynHLvPdEVHt
Vampire Weekend,A Punk,2008,Party songs,http://open.spotify.com/track/0euZeG7kpPhtp4V6e8b9kC
War,Me and Baby Brother,1973,Party songs,http://open.spotify.com/track/28q8PaM3ROCZMKeNRBg5Yq
West Street Mob,Break Dance – Electric Boogie,1983,Party songs,-
The Who,My Generation,1965,Party songs,http://open.spotify.com/track/4kxrawSkeAoJiASQArwqYO
Esther Williams,Last Night Changed It All,1976,Party songs,http://open.spotify.com/track/6zMgWeJracgip80YQZsIj2
Jackie Wilson,(Your Love Keeps Lifting Me) Higher and Higher,1967,Party songs,-
Larry Young,Turn Off the Lights,1975,Party songs,http://open.spotify.com/track/2kXBmTMIDIlNSQEeaQl95A
